"nombre","cantidades","info","sabores","imagen","mix","Artículo","Estado","Stock"
"ACEITE DE OLIVA X 5 L R.V.","1 UNIDAD","El Aceite de Oliva Rodrigo de Vivar es un producto de origen mendocino, espec├¡ficamente de la zona de San Mart├¡n. Se destaca por ser un aceite de oliva virgen extra de primera prensada en fr├¡o, reconocido por su sabor frutado y equilibrado.","","https://drive.google.com/file/d/1H-W9VwJb8KVjAgM_o7EnQJyaFeN4CGi0/view","","2","­ƒƒó ok","0"
"ACEITE DE OLIVA X 3 L R.V.","1 UNIDAD","El Aceite de Oliva Rodrigo de Vivar es un producto de origen mendocino, espec├¡ficamente de la zona de San Mart├¡n. Se destaca por ser un aceite de oliva virgen extra de primera prensada en fr├¡o, reconocido por su sabor frutado y equilibrado.","","https://drive.google.com/file/d/1OZOxuJoqpIXHFQRDfeQiPzmnYGZtzmci/view","","3","­ƒƒó ok","1"
"ACEITE DE OLIVA X  500 CC R.V.","1 UNIDAD","El Aceite de Oliva Rodrigo de Vivar es un producto de origen mendocino, espec├¡ficamente de la zona de San Mart├¡n. Se destaca por ser un aceite de oliva virgen extra de primera prensada en fr├¡o, reconocido por su sabor frutado y equilibrado.","","https://drive.google.com/file/d/1KSYsbt1CWv9vqWtg_sb1PMZ3ZF-IfJTx/view","","4","­ƒƒó ok","8"
"ACEITE DE OLIVA X  900 CC R.V.","1 UNIDAD","El Aceite de Oliva Rodrigo de Vivar es un producto de origen mendocino, espec├¡ficamente de la zona de San Mart├¡n. Se destaca por ser un aceite de oliva virgen extra de primera prensada en fr├¡o, reconocido por su sabor frutado y equilibrado.","","https://drive.google.com/file/d/1a4Djen_Q5drmMmJvn9FxpbC_OqDB0twf/view","","5","­ƒƒó ok","9"
"ACEITE DE OLIVA  PANNOCCHIA X1L","1 UNIDAD","El aceite de oliva Virgen Extra Pannocchia es un producto artesanal mendocino, elaborado mediante primera prensada en fr├¡o. Se destaca por ser un blend de variedades seleccionadas, lo que le otorga un perfil de sabor equilibrado y arm├│nico.","","https://drive.google.com/file/d/1rwI76CFaX0kpWKAsnFl2qhIFeJ-cfX9B/view","","6","­ƒƒó ok","0"
"ACEITE DE OLIVA  X1 L VID. LAUR","1 UNIDAD","El Aceite de Oliva Laur es producido por la oliv├¡cola n├║mero uno del mundo seg├║n el EVOO World Ranking. Originario de Mendoza, Argentina, se destaca por su alta calidad y pureza.","","https://drive.google.com/file/d/18MosSegYZv-so0GIc6eiDLYBvuXj6EDe/view","","7","­ƒƒó ok","8"
"ACEITE DE OLIVA  PANNOCCHIA X 500ML","1 UNIDAD","El aceite de oliva Virgen Extra Pannocchia es un producto artesanal mendocino, elaborado mediante primera prensada en fr├¡o. Se destaca por ser un blend de variedades seleccionadas, lo que le otorga un perfil de sabor equilibrado y arm├│nico.","","https://drive.google.com/file/d/1S7OwVBL8FZwjVlnWz7lp92TIoUxcCT0Y/view","","8","­ƒƒó ok","0"
"ACEITE DE OLIVA  PANNOCCHIA X5L","1 UNIDAD","El aceite de oliva Virgen Extra Pannocchia es un producto artesanal mendocino, elaborado mediante primera prensada en fr├¡o. Se destaca por ser un blend de variedades seleccionadas, lo que le otorga un perfil de sabor equilibrado y arm├│nico.","","https://drive.google.com/file/d/1KbxYN7XLKm24zzgQf5aZioy-3zdq1rvp/view","","9","­ƒƒó ok","0"
"ACETO BALSAMICO 500 CC PET ""CRISTO DE LOS CERROS""","1 UNIDAD","El Aceto Bals├ímico ""Cristo de los Cerros"" es un aderezo gourmet elaborado en Mendoza, Argentina, por la empresa Alcaraz Gourmet. Se destaca por su equilibrio entre acidez y dulzor, siguiendo m├®todos tradicionales de inspiraci├│n italiana.","","https://drive.google.com/file/d/1YMehG75RBjLkKehMnf65VxkCnno2rTOm/view","","16","­ƒƒó ok","0"
"ACETO REDUCCIÓN X 500 CC ""RECETAS DE ENTONCES""","1 UNIDAD","El Aceto Bals├ímico Reducci├│n de la marca argentina Recetas de Entonces es un aderezo premium de consistencia cremosa y sabor intenso agridulce. Se diferencia del aceto tradicional por su textura espesa, lograda mediante un proceso de cocci├│n y concentrado que lo hace ideal para decorar y realzar platos terminados.","","https://drive.google.com/file/d/13zdwuvH1ANO2E6Ss6MTYIUFnMCaD7t4O/view","","17","­ƒƒó ok","5"
"VINAGRE DE ALCOHOL X 1 L","1 UNIDAD","","","","","18","🟢 ok","3"
"VINAGRE DE MANZANA X 1 L","1 UNIDAD","","","","","19","🟢 ok","2"
"VINAGRE DE VINO X 1 L","1 UNIDAD","","","","","20","🟢 ok","0"
"ACEITUNAS GRIEGAS X 1 KG","1 UNIDAD","Las aceitunas griegas Rodrigo de Vivar son un producto emblem├ítico de la oliv├¡cola familiar del mismo nombre, ubicada en San Mart├¡n, Mendoza. Estas aceitunas negras se caracterizan por ser de tipo ""griego"", procesadas de forma natural para resaltar un sabor intenso y una textura carnosa.","","https://drive.google.com/file/d/1SjcAtYy5_pKiEW-oqI36ukrQb6o0NxYr/view","","23","­ƒƒó ok","7"
"ACEITUNAS GRIEGAS X 1/2 KG","1 UNIDAD","Las aceitunas griegas Rodrigo de Vivar son un producto emblem├ítico de la oliv├¡cola familiar del mismo nombre, ubicada en San Mart├¡n, Mendoza. Estas aceitunas negras se caracterizan por ser de tipo ""griego"", procesadas de forma natural para resaltar un sabor intenso y una textura carnosa.","","https://drive.google.com/file/d/16Yw8SvRLXB2M439BnKEK40CIRBBSqata/view","","24","­ƒƒó ok","3"
"ACEITUNAS RELL. X 200 GR","1 UNIDAD","Las aceitunas rellenas de la marca Dur├ín son un producto cl├ísico de la gastronom├¡a espa├▒ola, espec├¡ficamente de la regi├│n de Extremadura (Guare├▒a, Badajoz). Se caracterizan por su proceso artesanal y el uso de la variedad Manzanilla.","","https://drive.google.com/file/d/1tdWgffM1O9ps3tBKETvpjZ0ze8Uc8bzs/view","","33","­ƒƒó ok","7"
"ACEITUNAS VERDES X 1 KG Nº 00","1 UNIDAD","","","","","38","🟢 ok","1"
"ACEITUNAS VERDES X 1 KG Nº0","1 UNIDAD","","","","","39","🟢 ok","2"
"ACEITUNAS VERDES X 1 KG Nº1","1 UNIDAD","","","","","40","🟢 ok","2"
"ACEITUNAS VERDES X 1/2 KG Nº 00","1 UNIDAD","","","","","44","🟢 ok","1"
"ACEITUNAS VERDES X 1/2 KG Nº 1","1 UNIDAD","","","","","45","🟢 ok","2"
"ACEITUNAS VERDES X 1/2 KG Nº0","1 UNIDAD","","","","","46","🟢 ok","3"
"BARRA PROTEICA  ""INTEGRA""","1 UNIDAD","La marca argentina ├ìntegra ofrece barras proteicas que se destacan en el mercado por ser 100% vegetales y utilizar ingredientes naturales sin aditivos qu├¡micos. A diferencia de las barras deportivas tradicionales que suelen usar suero de leche (whey) y edulcorantes artificiales, estas apuestan por la fibra y prote├¡nas de origen vegetal para generar saciedad.","","https://drive.google.com/file/d/1tP4pZBdg95hruo1GIxj4cVEr_M4561AN/view","","52","­ƒƒó ok","0"
"FIDEOS DE ARROZ VERDURA ""PARTY BECK"" X280GR","1 UNIDAD","Los fideos de arroz con verduras estilo ""Party Beck"" se caracterizan por ser un plato colorido, r├ípido y muy saludable. Es una excelente opci├│n para quienes buscan una comida ligera o libre de gluten.","ESPINACA/MORRON","https://drive.google.com/file/d/1ukQJs18e4MG4SOfYFg47ZnaZS_uyWJ4C/view","","55","­ƒƒó ok","0"
"ARROZ INTEGRAL X KG.","1 UNIDAD","","","","","56","🟢 ok","0"
"ARROZ YAMANI X KG.","1 UNIDAD","","","","","57","🟢 ok","4"
"CUSCUS X KG","1 UNIDAD","","","","","58","🟢 ok","3"
"GARBANZOS X KG","1 UNIDAD","","","","","59","🟢 ok","2"
"LENTEJAS TURCAS X KG","1 UNIDAD","","","","","60","🟢 ok","6"
"LENTEJAS X KG.","1 UNIDAD","","","","","61","🟢 ok","5"
"MAIZ BCO PISADO PARTIDO X KG","1 UNIDAD","","","","","63","🟢 ok","7"
"POROTO ALUBIA KG","1 UNIDAD","","","","","65","🟢 ok","0"
"POROTO COLORADO X KG.","1 UNIDAD","","","","","66","🟢 ok","2"
"POROTO MANTECA X KG.","1 UNIDAD","","","","","67","🟢 ok","0"
"POROTO MUNG X KG","1 UNIDAD","","","","","68","🟢 ok","2"
"POROTO NEGRO X KG.","1 UNIDAD","","","","","69","🟢 ok","6"
"POROTOS DE SOJA X KG","250G/500G/1KG","","","https://drive.google.com/file/d/1WSc31MWHh-HRvIhrvNhmmhAfTnd15B7E/view","","70","­ƒöÁ falta descripci├│n","4"
"POROTOS PALLARES X KG","1 UNIDAD","","","","","71","🟢 ok","3"
"TRIGO BURGOL X KG","1 UNIDAD","","","","","72","🟢 ok","4"
"AZUCAR IMPALPABLE X KG.","1 UNIDAD","","","","","75","🟢 ok","4"
"AZUCAR MASCABO X KG","1 UNIDAD","","","","","76","🟢 ok","4"
"AZUCAR NEGRA X KG.","1 UNIDAD","","","","","77","🟢 ok","1"
"CACAO AMARGO DE BRASIL X KG.","1 UNIDAD","","","","","78","🟢 ok","0"
"CASCARILLA DE CACAO X KG.","1 UNIDAD","","","","","79","🟢 ok","4"
"COCO EN ESCAMAS X KG","1 UNIDAD","","","","","80","🟢 ok","2"
"COCO RALLADO X KG.","1 UNIDAD","","","","","81","🟢 ok","0"
"ESENCIA ARTIFICIAL DE VAINILLA X 100 CC ""INDIAS""","1 UNIDAD","El saborizante artificial de vainilla (o esencia) es un producto sint├®tico econ├│mico que imita el aroma y sabor de la vainilla natural. Se elabora principalmente a partir de vainillina sintetizada, a menudo derivada del guayacol, lignina o salvado de arroz. Contiene agua, alcohol, colorantes y conservantes.","","https://drive.google.com/file/d/19bIyRbLXWdeAbAWXd48C-5h7_3Batcai/view","","83","­ƒƒó ok","7"
"LEVADURA DE CERVEZA NUTRICIONAL X KG","1 UNIDAD","","","","","84","🟢 ok","0"
"MANTEQUILLA DE MANI ""ENTRENUTS"" X 370 g","1 UNIDAD","La mantequilla de man├¡ Entrenuts es un alimento elaborado a base de man├¡ tostado, sin agregados innecesarios como az├║cares, sal ni conservantes. Se destaca por su perfil nutricional, aportando prote├¡nas y grasas saludables, lo que la convierte en una opci├│n adecuada para una alimentaci├│n equilibrada. Es apta sin TACC y vegana, ideal para consumir en desayunos, meriendas o como complemento en distintas preparaciones.","","https://drive.google.com/file/d/1qZh_OzE6KEBPY-1IeONmJnUF5PksSrSg/view","","85","­ƒƒó ok","2"
"POLVO PARA HORNEAR X 50 GR","1 UNIDAD","","","","","86","­ƒƒí falta imagen","0"
"JUGO DE ARANDANOS X 1,5 LTS.","1 UNIDAD","El jugo de ar├índanos Cuarto Creciente es una bebida natural de origen argentino, popular por ser libre de az├║cares agregados y apta para cel├¡acos.","CON STEVIA/CON SUCRALOSA/CON SEMILLAS DE CHIA","https://drive.google.com/file/d/1EXfxe04nERNmj0f-T0n6JU8W6es32oUv/view","","94","­ƒƒó ok","7"
"LECHE DE ALMENDRAS X 1 L","1 UNIDAD","La leche de almendras es una bebida vegetal elaborada a partir de frutos secos, naturalmente libre de lactosa. Presenta un sabor suave y una textura liviana, ideal para consumir sola, en caf├® o en preparaciones. Es una alternativa saludable para quienes buscan opciones vegetales.","","https://drive.google.com/file/d/16mVUrrkYQ7WWD2YJW9mEQjNalKXaBiCD/view","","99","­ƒƒó ok","5"
"LECHE DE COCO EN POLVO X KG","1 UNIDAD","","","","","105","🟢 ok","4"
"CARAMELOS  X  UNIDAD","1 UNIDAD","","","","","107","­ƒƒí falta imagen","0"
"ALMOHADITAS 2 SALVADO X KG.","1 UNIDAD","","","","","113","🟢 ok","3"
"ALMOHADITAS CHOCOLATE X KG.","1 UNIDAD","","","","","114","🟢 ok","5"
"ALMOHADITAS FRUTILLA X KG.","1 UNIDAD","","","","","116","🟢 ok","0"
"ALMOHADITAS LIMON X KG.","1 UNIDAD","","","","","117","🟢 ok","4"
"ANILLOS DE AVENA Y MIEL X KG.","1 UNIDAD","","","","","118","🟢 ok","1"
"ANILLOS FRUTADOS X KG.","1 UNIDAD","","","","","119","🟢 ok","3"
"AVENA ARROLLADA GRUESA X KG","1 UNIDAD","","","","","120","🟢 ok","3"
"AVENA INSTANTÁNEA  X KG","1 UNIDAD","","","","","121","🟢 ok","0"
"AVENA TRADICIONAL X KG.","1 UNIDAD","","","","","122","🟢 ok","3"
"BASTONCITO SALVADO TRIGO Y AVENA X KG.","1 UNIDAD","","","","","123","🟢 ok","1"
"BOLITAS DE CHOCOLATE X KG.","1 UNIDAD","","","","","124","🟢 ok","2"
"COPOS DE MAIZ C/AZUCAR X KG","1 UNIDAD","","","","","125","🟢 ok","2"
"COPOS DE MAIZ X KG.","1 UNIDAD","","","","","126","🟢 ok","2"
"GRANOLA MIX BERRIES X KG","1 UNIDAD","","","","","127","🟢 ok","2"
"GRANOLA MIX ENERGET X KG","1 UNIDAD","","","","","128","🟢 ok","5"
"GRANOLA MIX TROPICAL X KG","1 UNIDAD","","","","","129","🟢 ok","3"
"GRANOLA CON MIEL X KG","1 UNIDAD","","","","","130","🟢 ok","15"
"QUINOA INFLADA X KG.","1 UNIDAD","","","","","131","🟢 ok","0"
"TUTUCAS CON AZUCAR X KG","1 UNIDAD","","","","","132","🟢 ok","5"
"TUTUCAS SIN AZUCAR X KG","1 UNIDAD","","","","","133","🟢 ok","3"
"ARANDANOS CONGELADOS X KG","1 UNIDAD","Los ar├índanos congelados son una excelente alternativa saludable y pr├íctica, manteniendo los mismos nutrientes, fibra y antioxidantes que los frescos al ser cosechados y congelados en su punto m├íximo de madurez. Son ideales para smoothies, yogures y reposter├¡a sin conservantes, con una duraci├│n de 8 a 10 meses en el freezer.","","https://drive.google.com/file/d/1e8Ghja1stntwUOQlf0XnmXrD3JPb4Kmb/view","","134","­ƒƒó ok","0"
"CHOCOLATE 80%  COBERTURA SEMIAMARGO x kg - COLONIAL","100G/250G/1KG","El chocolate Colonial Cobertura Semiamargo 80% Cacao es un producto de alta gama dise├▒ado para reposter├¡a profesional y hogare├▒a que destaca por su intensidad y pureza.","","https://drive.google.com/file/d/1zyQZPREc2SPSOIiZ2MfzoAFZ6nrrUxma/view","","136","­ƒƒó ok","5"
"PIÑA CONGELADA X KG","1 UNIDAD","","","","","137","🟢 ok","3"
"ARANDANOS DESHIDRATADOS X KG","1 UNIDAD","","","","","152","🟢 ok","10"
"CHIPS DE BANANA X KG","1 UNIDAD","","","","","155","🟢 ok","3"
"CIRUELA PRESIDENTE X KG.","1 UNIDAD","","","","","156","🟢 ok","0"
"CIRUELAS D`AGEN C/CAROZO X KG","1 UNIDAD","","","","","157","🟢 ok","0"
"CIRUELAS TIERNIZADAS S/C X KG","1 UNIDAD","","","","","158","🟢 ok","12"
"DATILES DE EGIPTO C/C X KG","1 UNIDAD","","","","","160","🟢 ok","6"
"HIGOS TIERNIZADOS X KG","1 UNIDAD","","","","","162","🟢 ok","4"
"MEDALLONES DURAZ.  X KG","1 UNIDAD","","","","","165","🟢 ok","3"
"PASAS MOROCHA JUMBO  X KG","1 UNIDAD","","","","","166","🟢 ok","16"
"PASAS RUBIA SIN SLLA X KG","1 UNIDAD","","","","","167","🟢 ok","10"
"PERAS WILLIAMS X KG","1 UNIDAD","","","","","168","🟢 ok","6"
"RODAJAS NARANJA DESHIDR X 1 KG","1 UNIDAD","","","","","172","🟢 ok","0"
"TOMATE SECOS X KG","1 UNIDAD","","","","","175","🟢 ok","7"
"DULCE DE ALCAYOTA X 500 GR","1 UNIDAD","","","","","176","🟢 ok","4"
"SALES DE BAÑO","1 UNIDAD","","","","","182","🟢 ok","0"
"HIGOS EN ALMIBAR  X 450 GR","1 UNIDAD","Los Higos en Alm├¡bar Mupay son un producto gourmet regional de Argentina, conocidos por su elaboraci├│n artesanal con ""alma de campo"" y recetas tradicionales.","","https://drive.google.com/file/d/1PQQftkdPVjy3Cjj_EcSJpyF1jUgeZOuf/view","","188","­ƒƒó ok","6"
"DULCE DE MEMBRILLO X 500 GR","1 UNIDAD","","","","","191","🟢 ok","0"
"DULCE DE MEMBRILLO X 1 KG","1 UNIDAD","","","","","192","🟢 ok","3"
"MIEL DE ABEJA X 1 kg ""MONTE NATURAL"" - JALEA","1 UNIDAD","La miel de abeja Monte Natural tipo jalea es un producto natural de origen mendocino con un perfil dulce caracter├¡stico y aporte de enzimas, antioxidantes y minerales. Es una miel multifloral, envasada cuidadosamente tras su extracci├│n de colmenares seleccionados, preservando sus cualidades y sabor sin procesos industriales agresivos. Mediante un leve proceso de calentamiento se obtiene una textura l├¡quida, cristalina y de f├ícil disoluci├│n, ideal para el uso cotidiano. Puede volver a cristalizar con el tiempo, un proceso natural de la miel pura que se revierte f├ícilmente calentando a ba├▒o mar├¡a.","","https://drive.google.com/file/d/1JKsD3XI9xhwpUuvuZRI5zMUyEeqBqd7X/view","","205","­ƒƒó ok","1"
"MIEL DE ABEJA X 250 g ""MONTE NATURAL"" - JALEA","1 UNIDAD","La miel de abeja Monte Natural tipo jalea es un producto natural de origen mendocino con un perfil dulce caracter├¡stico y aporte de enzimas, antioxidantes y minerales. Es una miel multifloral, envasada cuidadosamente tras su extracci├│n de colmenares seleccionados, preservando sus cualidades y sabor sin procesos industriales agresivos. Mediante un leve proceso de calentamiento se obtiene una textura l├¡quida, cristalina y de f├ícil disoluci├│n, ideal para el uso cotidiano. Puede volver a cristalizar con el tiempo, un proceso natural de la miel pura que se revierte f├ícilmente calentando a ba├▒o mar├¡a.","","https://drive.google.com/file/d/1vcqMzMskV0cok-aTNgkYaP_za2vdYYga/view","","206","­ƒƒó ok","13"
"MIEL DE ABEJA X 500 g ""MONTE NATURAL"" - JALEA","1 UNIDAD","La miel de abeja Monte Natural tipo jalea es un producto natural de origen mendocino con un perfil dulce caracter├¡stico y aporte de enzimas, antioxidantes y minerales. Es una miel multifloral, envasada cuidadosamente tras su extracci├│n de colmenares seleccionados, preservando sus cualidades y sabor sin procesos industriales agresivos. Mediante un leve proceso de calentamiento se obtiene una textura l├¡quida, cristalina y de f├ícil disoluci├│n, ideal para el uso cotidiano. Puede volver a cristalizar con el tiempo, un proceso natural de la miel pura que se revierte f├ícilmente calentando a ba├▒o mar├¡a.","","https://drive.google.com/file/d/1InBwP0KdXp-jGKcN5fnd9K5wvxGwvqUJ/view","","207","­ƒƒó ok","14"
"AJIES DULCES X 110 GR","1 UNIDAD","Los Aj├¡es Dulces Durang son un producto cl├ísico de la marca argentina Durang, especializada en conservas y encurtidos desde 1984. Se trata de aj├¡es enteros conservados en vinagre de alcohol, conocidos por su textura crujiente y un sabor que equilibra la acidez con la dulzura natural del fruto, sin ser picantes.","","https://drive.google.com/file/d/1Hh_VZ2mQ0b63SscIg2o80_RROEm8xZFV/view","","215","­ƒƒó ok","2"
"AJIES PICANTES X 110 GR","1 UNIDAD","La marca Durang es reconocida por producir conservas de aj├¡es picantes en vinagre, originaria de Argentina (espec├¡ficamente de Mendoza) y con una trayectoria que inici├│ en 1984.","","https://drive.google.com/file/d/16EgW37ix5K7e9cAcJs4g-B6l0MwS3s6B/view","","217","­ƒƒó ok","4"
"ALCAPARRAS X 100 GR","1 UNIDAD","Las alcaparras Cristo de los Cerros son un producto gourmet de origen argentino(elaborado por una empresa familiar que produce aceites y conservas desde 1985). Se destacan por ser libres de gluten (sin TACC) y aptas para veganos, present├índose com├║nmente en frascos de 90g y 600g conservadas en vinagre y sal.","","https://drive.google.com/file/d/12kY3S9biElu2bu313qqt2eWDyQif3s38/view","","218","­ƒƒó ok","3"
"CHUCRUT X 600 GR","1 UNIDAD","","","","","219","🟢 ok","6"
"CORAZON DE  ALCAUCIL CONDIM X 330 GR","1 UNIDAD","Los Corazones de Alcaucil Condimentados Agroianni son una conserva gourmet de origen mendocino, reconocida por su elaboraci├│n artesanal y sabor intenso. Se presentan listos para consumir, generalmente en frascos de vidrio","","https://drive.google.com/file/d/1HArqd4wBBDbVAY4JGqOylHRqlV5Di-LA/view","","221","­ƒƒó ok","0"
"BERENJENAS CONDIM.X 200 GR","1 UNIDAD","Las Berenjenas Dur├ín (com├║nmente conocidas como berenjenas en escabeche o condimentadas) son un cl├ísico de las conservas artesanales, especialmente populares en regiones de Argentina. Se caracterizan por su equilibrio entre la acidez del vinagre, el aceite y una mezcla intensa de especias.","","https://drive.google.com/file/d/1vivsZ1XVLxnKOoE4npMrRJpz-VKziFom/view","","223","­ƒƒó ok","2"
"CORAZONES DE ALCAUCIL X 300 GR","1 UNIDAD","Los corazones de alcaucil Agroianni son una conserva artesanal de origen mendocino, reconocida por su calidad y sabor intenso. Aunque Agroianni es famoso por sus alcauciles condimentados en aceite, tambi├®n produce versiones que resaltan el sabor del vinagre en su receta.","","https://drive.google.com/file/d/12iWmYR5tCjRa5eN67cw2k6eeW3AJPk_D/view","","226","­ƒƒó ok","6"
"PEPINILLOS EN VIN. X 200 GR","1 UNIDAD","","","","","227","🟢 ok","3"
"PEPINOS AGRID X 200 GR","1 UNIDAD","","","","","230","🟢 ok","0"
"PICKLES MIXTOS X 200 GR","1 UNIDAD","","","","","235","🟢 ok","8"
"PIMIENTOS ENTEROS X 200 GR","1 UNIDAD","","","","","237","🟢 ok","4"
"POROTOS CONDIM X 200 GR","1 UNIDAD","","","","","239","🟢 ok","2"
"ADOBO PARA PIZZA X KG.","1 UNIDAD","","","","","242","🟢 ok","0"
"NUEZ MOSCADA ENTERA X KG","1 UNIDAD","","","","","243","🟢 ok","0"
"AJI MOLIDO FINO X KG.","1 UNIDAD","","","","","244","🟢 ok","2"
"AJO EN POLVO","100G/250G/1KG","El ajo en polvo es el resultado de deshidratar y moler dientes de ajo frescos. Es un condimento esencial en la cocina por su practicidad, sabor concentrado y larga duraci├│n.","","https://drive.google.com/file/d/16oa97VYpy0-t9tRPDhLj5dI78OX1A1YY/view","","245","­ƒƒó ok","4"
"AJO GRANULADO X KG.","1 UNIDAD","","","","","246","🟢 ok","0"
"ALBAHACA EN HOJAS X KG","1 UNIDAD","","","","","247","🟢 ok","1"
"ANIS EN GRANO X KG.","1 UNIDAD","","","","","248","🟢 ok","0"
"ANIS ESTRELLADO X KG.","1 UNIDAD","","","","","249","🟢 ok","2"
"AZAFRAN ESPAÑOL X CAPSULA.","1 UNIDAD","","","","","250","🟢 ok","1"
"CANELA EN RAMA X KG","1 UNIDAD","","","","","251","🟢 ok","1"
"CANELA MOLIDA X KG.","1 UNIDAD","","","","","252","🟢 ok","3"
"CARDAMOMO X KG.","1 UNIDAD","","","","","253","🟢 ok","0"
"CEBOLLA EN ESCAMAS X KG.","1 UNIDAD","","","","","254","🟢 ok","0"
"CHIMICHURRI X KG.","1 UNIDAD","","","","","256","🟢 ok","0"
"CLAVO DE OLOR ENTERO X KG.","1 UNIDAD","","","","","257","🟢 ok","1"
"COMINO MOLIDO X KG.","1 UNIDAD","","","","","258","🟢 ok","0"
"CONDIMENTO PARA ARROZ X KG","1 UNIDAD","","","","","262","🟢 ok","0"
"PESTO X KG","1 UNIDAD","","","","","263","🟢 ok","0"
"CORIANDRO ENTERO X KG.","1 UNIDAD","","","","","264","🟢 ok","0"
"CORIANDRO MOLIDO","100G/250G/1KG","El coriandro molido es una especia obtenida de las semillas secas de la planta Coriandrum sativum (cilantro). A diferencia de las hojas frescas, que tienen un sabor herb├íceo y penetrante, el coriandro molido destaca por un perfil arom├ítico dulce, amaderado y con sutiles notas c├¡tricas similares a la c├íscara de naranja.","","https://drive.google.com/file/d/1jHmsqpsITj6S-274W6mPBujMciblzIsH/view","","265","­ƒƒó ok","0"
"CURCUMA MOLIDA X KG","1 UNIDAD","","","","","266","🟢 ok","2"
"CURRY X KG","1 UNIDAD","","","","","267","🟢 ok","1"
"BICARBONATO DE SODIO X 50 GR","1 UNIDAD","","","https://drive.google.com/file/d/17575rt-rqMMtAt_utc3qRj5ufJubO4OO/view","","268","­ƒöÁ falta descripci├│n","0"
"MIX  4 PIMIENTAS","100G/250G/1KG","El mix 4 pimientas combina distintas variedades como pimienta negra, blanca, verde y rosa. Ofrece un perfil arom├ítico equilibrado, con notas picantes y levemente dulces. Es ideal para condimentar carnes, verduras y preparaciones gourmet.","","https://drive.google.com/file/d/1DVNqaSTba29hzHds0u5V_yPPvgetHbOP/view","","269","­ƒƒó ok","1"
"SAL MARINA FINA X 500 GR.","1 UNIDAD","","","","","270","🟢 ok","5"
"FINAS HIERBAS X KG.","1 UNIDAD","","","","","271","🟢 ok","0"
"NUEZ MOSCADA MOLIDA X KG.","1 UNIDAD","","","","","272","🟢 ok","0"
"GELATINA SIN SABOR X KG","1 UNIDAD","","","","","273","🟢 ok","4"
"SAL MARINA GRUESA X 500 GR","1 UNIDAD","","","","","274","🟢 ok","7"
"HONGOS SECOS X KG","1 UNIDAD","","","","","275","🟢 ok","0"
"JENGIBRE  MOLIDO X KG.","1 UNIDAD","","","","","277","🟢 ok","1"
"JULIANA SIN PAPA X KG","1 UNIDAD","","","","","278","🟢 ok","0"
"LAUREL EN HOJAS X KG.","1 UNIDAD","","","","","279","🟢 ok","0"
"MACA EN POLVO X KG.","1 UNIDAD","","","","","280","🟢 ok","1"
"MOSTAZA EN GRANOS X KG","1 UNIDAD","","","","","282","🟢 ok","3"
"OREGANO  KG.","1 UNIDAD","","","","","285","🟢 ok","2"
"PEREJIL EN HOJAS X KG.","1 UNIDAD","","","","","286","🟢 ok","1"
"PIMENTON AHUMADO X KG","1 UNIDAD","","","","","287","🟢 ok","3"
"PIMENTON EXTRA X KG","1 UNIDAD","","","","","288","🟢 ok","4"
"PIMENTÓN PICANTE X KG","1 UNIDAD","","","","","289","🟢 ok","0"
"PIMIENTA BCA  EN GRANO X KG","1 UNIDAD","","","","","290","🟢 ok","1"
"PIMIENTA BCA MOLIDA X KG","1 UNIDAD","","","","","292","🟢 ok","0"
"PIMIENTA CAYENA MOLIDA X KG.","1 UNIDAD","","","","","293","🟢 ok","0"
"PIMIENTA NEGRA EN GRANO X KG.","1 UNIDAD","","","","","294","🟢 ok","2"
"PIMIENTA NEGRA MOLIDA X KG","1 UNIDAD","","","","","295","🟢 ok","3"
"PROVENZAL X KG.","1 UNIDAD","","","","","297","🟢 ok","0"
"ROMERO EN HOJAS X KG.","1 UNIDAD","","","","","298","🟢 ok","0"
"SAL DEL HIMALAYA FINA X 1 KG","1 UNIDAD","","","","","299","🟢 ok","10"
"SAL DEL HIMALAYA GRUESA X KG.","1 UNIDAD","","","","","300","🟢 ok","3"
"TOMILLO X KG","1 UNIDAD","","","","","302","🟢 ok","0"
"ZAPALLO EN ALMIBAR X 360GR","1 UNIDAD","","","","","309","🟢 ok","3"
"HARINA DE MAIZ BLANCO","250G/500G/1KG","La harina de ma├¡z blanco es el ingrediente fundamental en la gastronom├¡a de varios pa├¡ses latinoamericanos, especialmente en Venezuela, Colombia y M├®xico. Se obtiene al moler granos de ma├¡z blanco secos y limpios","","https://drive.google.com/file/d/1MEHVUOUYtozuVNdJmR5U-uEs30vhe3FK/view","","313","­ƒƒó ok","0"
"TOSTADITAS DE ARROZ DELICEL ""SIN TACC""","1 UNIDAD","","","https://drive.google.com/file/d/1Sz9Gu4mWnwOdjQew6u_cKox5KCWncp2c/view","","314","­ƒöÁ falta descripci├│n","0"
"ALMENDRA PARTIDA X KG","250G/500G/1KG","","","","","317","­ƒƒí falta imagen","8"
"ALMENDRA NONPAREIL  X KG","1 UNIDAD","","","","","318","🟢 ok","1"
"AVELLANAS SIN CASCARA X KG","1 UNIDAD","","","","","322","🟢 ok","4"
"CASTAÑAS CAJÚ VIETNAM  X KG","1 UNIDAD","","","","","323","🟢 ok","8"
"MANI C/CASCARA X KG","1 UNIDAD","","","","","324","🟢 ok","3"
"MIX PATAGONICO X KG","1 UNIDAD","","","","","327","🟢 ok","16"
"MIX TRADICIONAL X KG","1 UNIDAD","","","","","328","🟢 ok","7"
"MIX TROPICAL X KG.","1 UNIDAD","","","","","329","🟢 ok","9"
"NUEZ CUARTILLO X KG","250G/500G/1KG","","","https://drive.google.com/file/d/14S3MSYxxh2QTPkE9oteOswe1cHG7X6Dl/view","","331","­ƒöÁ falta descripci├│n","14"
"NUEZ CUARTOS X KG","1 UNIDAD","","","","","338","🟢 ok","21"
"NUEZ MARIPOSA LIGHT X KG","1 UNIDAD","","","","","340","🟢 ok","7"
"PISTACHOS CON CÁSCARA X KG","1 UNIDAD","","","","","342","🟢 ok","6"
"FRUTA ESCURRIDA X KG","1 UNIDAD","","","","","348","🟢 ok","3"
"JENGIBRE GLASEADO X KG","1 UNIDAD","","","","","351","🟢 ok","0"
"ALMIDON DE MAIZ X KG","1 UNIDAD","","","","","357","🟢 ok","0"
"FECULA DE MANDIOCA X KG","1 UNIDAD","","","","","358","🟢 ok","8"
"GERMEN DE TRIGO NATURAL X KG.","1 UNIDAD","","","","","359","🟢 ok","4"
"GLUTEN DE TRIGO X KG","1 UNIDAD","","","","","360","🟢 ok","4"
"HARINA DE ALGARROBA X KG","1 UNIDAD","","","","","361","🟢 ok","2"
"HARINA  DE ALMENDRAS S/ PIEL X KG","1 UNIDAD","","","","","363","🟢 ok","4"
"HARINA DE ARROZ X KG","1 UNIDAD","","","","","364","🟢 ok","2"
"HARINA DE AVENA X KG","1 UNIDAD","","","","","365","🟢 ok","17"
"HARINA DE CHIA X KG.","1 UNIDAD","","","","","367","🟢 ok","5"
"HARINA DE COCO X KG","1 UNIDAD","","","","","368","🟢 ok","6"
"HARINA DE GARBANZO X KG","1 UNIDAD","","","","","369","🟢 ok","6"
"HARINA DE LINO X KG","1 UNIDAD","","","","","370","🟢 ok","4"
"HARINILLA DE MAIZ","250G/500G/1KG","","","","","372","­ƒƒí falta imagen","0"
"HARINA SOJA DESGR FINA X KG","1 UNIDAD","","","","","376","🟢 ok","4"
"HARINA INTEGRAL FINA X KG.","1 UNIDAD","","","","","377","🟢 ok","14"
"PANKO X KG","1 UNIDAD","","","","","378","🟢 ok","16"
"SALVADO DE AVENA X KG","1 UNIDAD","","","","","380","🟢 ok","3"
"SALVADO DE TRIGO GRUESO X 1 KG","1 UNIDAD","","","","","381","🟢 ok","15"
"SEMOLIN DE TRIGO X KG","1 UNIDAD","","","","","382","🟢 ok","2"
"TEXTURIZADO DE SOJA X KG","1 UNIDAD","","","","","383","🟢 ok","3"
"BOLDO X KG","1 UNIDAD","","","","","384","🟢 ok","1"
"INFUSOR PARA TE","1 INIDAD","Un infusor de t├® es un accesorio dise├▒ado para contener las hojas de t├® sueltas (en hebras) mientras se sumergen en agua caliente, permitiendo que el sabor se libere sin que los residuos queden en la taza.","","https://drive.google.com/file/d/1BlrA_NJ-JowO6ypUPqQ_LVOlAX210o7I/view","","385","­ƒƒó ok","0"
"MANZANILLA FLOR X KG","1 UNIDAD","","","","","386","🟢 ok","0"
"TE ROJO X KG","1 UNIDAD","","","","","388","🟢 ok","0"
"CEREZAS AL MARRASCHINO X 170 g ""AGROIANNI""","1 UNIDAD","Las Cerezas al Marrasquino Agroianni son un producto premium de conservas originario de Mendoza, Argentina. Se destacan en el mercado gourmet por ser consideradas m├ís naturales y menos artificiales que otras marcas comerciales.","","https://drive.google.com/file/d/11j2OvzMbXf8HlUc_LepoKfIJ2zhgrqpZ/view","","418","­ƒƒó ok","4"
"CEREZAS AL MARRASCHINO X 330 g ""AGROIANNI""","1 UNIDAD","Las Cerezas al Marrasquino Agroianni son un producto premium de conservas originario de Mendoza, Argentina. Se destacan en el mercado gourmet por ser consideradas m├ís naturales y menos artificiales que otras marcas comerciales.","","https://drive.google.com/file/d/1n-AmN8O6FFR4JPZ7DXpiOGF0SKi6uoZD/view","","422","­ƒƒó ok","4"
"HUMO NATURAL X 250 ML","1 INIDAD","El humo natural es el resultado de la combusti├│n incompleta de materiales org├ínicos, principalmente madera. A diferencia del humo l├¡quido (que es un concentrado qu├¡mico), el humo natural contiene una mezcla compleja de compuestos que aportan sabor, color y act├║an como conservante.","","https://drive.google.com/file/d/1gtp5JtqUjuytfA2y0RkeRxLPoncp4skt/view","","428","­ƒƒó ok","0"
"PASTA ACEITUNAS NEGRAS X 200 g ""AGROIANNI""","1 UNIDAD","","","https://drive.google.com/file/d/1buCE3EFB7RkTuMG-ASjK3Nxg3q75DiIM/view","","443","­ƒöÁ falta descripci├│n","6"
"PASTA ACEITUNAS VERDES X 200 g ""AGROIANNI""","1 UNIDAD","","","https://drive.google.com/file/d/1rBrhMaOTZQDoRZ-mg8FcN1UNx6rqOFb2/view","","444","­ƒöÁ falta descripci├│n","5"
"PASTA DE AJI PICANTE X 90 GR","1 UNIDAD","","","","","445","🟢 ok","2"
"PASTA DE AJOS X 200 g ""AGROIANNI""","1 UNIDAD","","","https://drive.google.com/file/d/17Pgy7j7d1imNitgjwygMj7NeBAEpfqty/view","","448","­ƒöÁ falta descripci├│n","0"
"SALSA AJI PICANTE X 180 CC","1 UNIDAD","","","","","458","🟢 ok","8"
"SALSA CESAR 250 GR","1 UNIDAD","","","","","460","🟢 ok","2"
"SALSA CHIMICHURRI  X 250 GR","1 UNIDAD","","","","","461","🟢 ok","0"
"SALSA DE SOJA X 180 CC","1 UNIDAD","","","","","464","🟢 ok","3"
"SALSA JALAPEÑO ROJA X 180 CC","1 UNIDAD","","","","","467","🟢 ok","4"
"SALSA JALAPEÑO VERDE X 180 CC","1 UNIDAD","","","","","468","🟢 ok","0"
"SALSA TERIYAKI X 250 CC","1 UNIDAD","","","","","470","🟢 ok","4"
"TOMATE DESECADOS CONDIMENTADOS X 330 g ""AGROIANNI""","1 UNIDAD","","","https://drive.google.com/file/d/1i9lz84-8WMdnsX_9ddeyBvGMapvnfsxP/view","","471","­ƒöÁ falta descripci├│n","0"
"JAZMIN XKG","1 UNIDAD","","","","","472","🟢 ok","0"
"CARDO MARIANO TINTURA MADRE X 60 CC ""EL NATURALISTA""","1 UNIDAD","La Tintura Madre de Cardo Mariano de la marca argentina El Naturalista es un suplemento fitoter├ípico concentrado, dise├▒ado principalmente para el soporte de la salud hep├ítica y digestiva.","","https://drive.google.com/file/d/1NLCzmbDkrR-9RS4-qFfUG4PPeIlWtOyR/view","","487","­ƒƒó ok","0"
"LEVADURA TITAN EN COPOS X200GR ""SIN TACC""","1 UNIDAD","","","","","492","🟢 ok","1"
"YOGHURT DURAZNO X 1 L","1 UNIDAD","","","","","493","🟢 ok","0"
"YOGHURT FRUTILLA X 1 L","1 UNIDAD","","","","","494","🟢 ok","4"
"YOGHURT NATURAL AZUCARADO X 1 L","1 UNIDAD","","","","","495","🟢 ok","6"
"YOGHURT NATURAL SIN AZUCAR X 1 L","1 UNIDAD","","","","","496","🟢 ok","1"
"PREMEZCLA P/PANIFI S/ TACC X 1 KG","1 UNIDAD","","","","","497","🟢 ok","7"
"REBOZADOR S/GLUTEN X 500 GR","1 UNIDAD","","","","","499","🟢 ok","3"
"ENELDO SEMILLAS X KG","1 UNIDAD","","","","","502","🟢 ok","0"
"MIX 7 SEMILLAS SALUD X KG","1 UNIDAD","","","","","504","🟢 ok","2"
"MIX DE SLLAS  ADELGAZ X KG","1 UNIDAD","","","","","505","🟢 ok","6"
"MIX SLLAS PARA ENSALADA X KG","1 UNIDAD","","","","","506","🟢 ok","1"
"QUINOA X KG","1 UNIDAD","","","","","507","🟢 ok","0"
"SEMILLA DE AMAPOLA X KG.","1 UNIDAD","","","","","508","🟢 ok","2"
"SEMILLA DE AMARANTO X KG","1 UNIDAD","","","","","509","🟢 ok","0"
"MASTROENI EXTRA BRUT","1 UNIDAD","","","https://drive.google.com/file/d/1hUvyWxUIv2SztAsHAhqeMRbuUTpj6Vf3/view","","510","­ƒöÁ falta descripci├│n","0"
"SEMILLA DE CHIA NAC X KG.","1 UNIDAD","","","","","511","🟢 ok","23"
"SEMILLA DE GIRASOL X KG.","1 UNIDAD","","","","","513","🟢 ok","21"
"SEMILLA DE LINO X KG","1 UNIDAD","","","","","514","🟢 ok","8"
"SEMILLA DE ZAPALLO PELADO X KG.","1 UNIDAD","","","","","515","🟢 ok","4"
"SESAMO BLANCO X KG.","1 UNIDAD","","","","","516","🟢 ok","4"
"SESAMO NEGRO X KG","1 UNIDAD","","","","","517","🟢 ok","10"
"GARRAPIÑADA DE MANI X KG","1 UNIDAD","","","","","519","🟢 ok","1"
"MAIZ FRITO SALADO X KG","1 UNIDAD","","","","","520","🟢 ok","3"
"MANI JAPONES","250G/500G/1KG","El man├¡ japon├®s es un snack crocante recubierto, de sabor intenso y ligeramente salado. Su textura firme lo hace ideal para picadas. Es una opci├│n pr├íctica y muy popular.","","https://drive.google.com/file/d/1FDunmm6i6iGRFgxhkqK2B2qQIfSVnSZg/view","si","521","­ƒƒó ok","6"
"MANI TOSTADO SALADO X KG","1 UNIDAD","","","","","523","🟢 ok","3"
"MANI TOSTADO X KG.","1 UNIDAD","","","","","524","🟢 ok","0"
"MIX CERVECERO X KG","1 UNIDAD","","","","","525","🟢 ok","5"
"MIX SALADO X KG","1 UNIDAD","","","","","528","🟢 ok","0"
"TOMATE TRITURADO X 1 KG","1 UNIDAD","","","https://drive.google.com/file/d/1UmApt58VC7-EujYaZFQPRHB2v0dUKWYS/view","","531","­ƒöÁ falta descripci├│n","19"
"TOMATE TRITURADO X 500 GR","1 UNIDAD","","","https://drive.google.com/file/d/1tWuaiU5ezHr6jZANmnZi1ZySIqL46EqC/view","","532","­ƒöÁ falta descripci├│n","15"
"TOMATE CONDIM X 1 KG","1 UNIDAD","","","","","533","🟢 ok","10"
"YOGURT PROTEICO ""YOGURLAC"" X 1L","","","","","","554","­ƒƒí falta imagen","1"
"PETALOS DE ROSA XKG","1 UNIDAD","","","","","555","🟢 ok","0"
"LAS PERDICES CAB SAUV X 750","1 UNIDAD","","","","","560","🟢 ok","0"
"MASTROENI CABERNET FRANC X 750 CC","1 UNIDAD","El Cabernet Franc de Mastroeni es un vino tinto de perfil arom├ítico, con notas herbales y de frutas rojas. Presenta buena frescura, taninos moderados y estructura equilibrada. Ideal para acompa├▒ar carnes y platos especiados.","","https://drive.google.com/file/d/1QlRm65Rw6haghtKgU53VelBb7XzCtAXl/view","","561","­ƒƒó ok","0"
"LAS PERDICES EXTRA BRUT CORTO X 750","1 UNIDAD","","","","","567","🟢 ok","0"
"LAS PERDICES PARTRIDGE CHARDONNAY X 750","1 UNIDAD","","","","","569","🟢 ok","0"
"LAS PERDICES RESERVA CHARDONNAY X 750","1 UNIDAD","","","","","570","🟢 ok","0"
"MASTROENI ESP DULCE NATURAL X 750 CC","1 UNIDAD","","","","","572","🟢 ok","0"
"CORDERO CON PIEL DEL LOBO X 750CC","1 UNIDAD","Cordero con Piel de Lobo es principalmente conocido hoy como una popular l├¡nea de vinos de la bodega argentina Mosquita Muerta Wines (Familia Mill├ín). El nombre juega con el refr├ín popular ""lobo con piel de cordero"", pero invirtiendo los roles para sugerir que el vino es m├ís audaz y potente de lo que aparenta.","","https://drive.google.com/file/d/1Zgk69yPQ_d9hJI0W7BEhIP_EENMk5sDx/view","","592","­ƒƒó ok","0"
"LAS PERDICES MALBEC X 750","1 UNIDAD","","","","","593","🟢 ok","6"
"LAS PERDICES PARTRIDGE MALBEC X 750","1 UNIDAD","","","","","594","🟢 ok","0"
"LAS PERDICES RESERVA MALBEC X 750","1 UNIDAD","","","","","595","🟢 ok","0"
"PERRO CALLEJERO MALBEC X 750CC","1 UNIDAD","","","https://drive.google.com/file/d/1z0EoQknV86zlpWkN8iuU-Mk-5TVsYNzv/view","","613","­ƒöÁ falta descripci├│n","6"
"LAS PERDICES SAUVI BLANC X 750","1 UNIDAD","","","","","616","🟢 ok","6"
"LAS PERDICES ALA COLORADA ANCELLOTA X 750","1 UNIDAD","","","","","622","🟢 ok","0"
"VARIOS","","","","","","633","­ƒƒí falta imagen","201"
"ACEITE DE OLIVA  X 500 CC LAUR","1 UNIDAD","El Aceite de Oliva Laur es producido por la oliv├¡cola n├║mero uno del mundo seg├║n el EVOO World Ranking. Originario de Mendoza, Argentina, se destaca por su alta calidad y pureza.","","https://drive.google.com/file/d/1A2gi-MF5FPGL07b8bam7cjKarlnaRTj4/view","","637","­ƒƒó ok","4"
"DELANTAL LINO","1 UNIDAD","","","https://drive.google.com/file/d/1Is57ZjqA00Snc2m4IkC1kD7_lgKiDi5N/view","","638","­ƒöÁ falta descripci├│n","0"
"LAS PERDICES BRUT ROSÉ X750ml","1 UNIDAD","El Brut Ros├® de Las Perdices es un espumante de estilo fresco y frutado, elaborado a partir de uvas tintas vinificadas en rosado. Presenta burbujas finas, buena acidez y notas a frutos rojos. Es una opci├│n ligera y vers├ítil para diferentes ocasiones.","","https://drive.google.com/file/d/1JXsJJMAj2vq7jeB9rag4JWBdZyNmtqZ-/view","","640","­ƒƒó ok","5"
"HIBISCUS  FLOR X KG","1 UNIDAD","","","","","641","🟢 ok","1"
"TE NEGRO X KG","100G/250G/1KG","","","https://drive.google.com/file/d/1dGOBaewCvDdS7hQePJAAS1_3kdO8K0v-/view","","643","­ƒöÁ falta descripci├│n","1"
"NUEZ MARIPOSA EXTRA LIGHT X KG","1 UNIDAD","","","","","644","🟢 ok","8"
"FIDEOS DE ARROZ ""PARTY BECK"" X 280GR","1 UNIDAD","Los fideos de arroz Party Beck son una opci├│n popular de pasta seca elaborada a base de harina de arroz y almid├│n de ma├¡z. Son conocidos por ser libres de gluten (Sin TACC), bajos en grasas y de f├ícil digesti├│n, lo que los hace ideales para personas con celiaqu├¡a o quienes buscan una dieta m├ís liviana. ","","https://drive.google.com/file/d/19-Ec5zwxEjtfD53J7YQmvKZcpj2LP4D_/view","","661","­ƒƒó ok","0"
"NUEZ CON CASCARA X KG","1 UNIDAD","","","","","665","🟢 ok","10"
"SALSA SOJA X 1 L","1 UNIDAD","","","","","669","🟢 ok","2"
"MANI SABORIZADO X KG","1 UNIDAD","","","","","670","🟢 ok","7"
"YOGHURT ANANA X 1 L","1 UNIDAD","","","","","684","🟢 ok","2"
"JENGIBRE EN TROZOS XKG","1 UNIDAD","","","","","690","🟢 ok","0"
"ALMENDRA GUARA  X KG","250G/500G/1KG","","","","","691","­ƒƒí falta imagen","5"
"ACEITE DE OLIVA   900ML VERDE OLIVA","1 UNIDAD","","","https://drive.google.com/file/d/142O5TyjoOb0qFDAkbmnTDanpXRDxa8VN/view","","702","­ƒöÁ falta descripci├│n","9"
"GALLETAS CACHAFAS ORGANICAS","1 UNIDAD","","","","","703","🟢 ok","11"
"GRANOLA MIX SIN PASAS X KG","1 UNIDAD","","","","","705","🟢 ok","6"
"LA IRIDE ""HUELGA DE AMORES"" X 750ml","1 UNIDAD","","","https://drive.google.com/file/d/1u0-5x1L28ICM2U9tTulVhMn2vhU1MPJg/view","","706","­ƒöÁ falta descripci├│n","4"
"PROSTASANA X 30 COMPR. ""EL NATURALISTA""","1 UNIDAD","","","https://drive.google.com/file/d/1yvTbexEzUXR8OAPSM1_WnSCQzVB8GxYj/view","","711","­ƒöÁ falta descripci├│n","8"
"MERMELADA MQA X 310","1 UNIDAD","Las mermeladas MQA son elaboradas en Mendoza y ofrecen una opci├│n rica y accesible, con sabor frutal y textura untable. Este producto artesanal, elaborado con frutas de primera calidad, es ideal para que tus desayunos, meriendas o preparaciones sean un verdadero disfrute.","DURAZNO/MANZANA/NARANJA/CIRUELA/MEMBRILLO","https://drive.google.com/file/d/1vtJT3rgI9ZUaxgtO8W0GNYrlOpWlgOj_/view","","712","­ƒƒó ok","9"
"MERMELADA MQA FRUTILLA X 310","1 UNIDAD","La mermelada de frutilla MQA est├í elaborada con fruta seleccionada, destacando su sabor dulce y natural. Presenta textura uniforme y buen equilibrio. Es ideal para consumo diario en desayunos y meriendas.","","https://drive.google.com/file/d/1fckmpdYNEhJ_1MMdHuCMvK9G-DyEICLj/view","","713","­ƒƒó ok","0"
"MAYONESA ""MAYOV"" X 270GR","1 UNIDAD","La Mayonesa Vegana Original Mayov es una alternativa sin huevo ni l├ícteos, elaborada a base de ingredientes de origen vegetal. Se caracteriza por su textura cremosa y sabor suave, ideal para ensaladas, s├índwiches o como dip. Su formato de 270 g es pr├íctico para el uso cotidiano, permitiendo disfrutar de una opci├│n vegetal sin resignar sabor.","","https://drive.google.com/file/d/1MVyM-Vi1dHHkCyOi9AXc9mkWSm5U18Ub/view","","716","­ƒƒó ok","5"
"ACEITE DE OLIVA  3 L VERDE OLIVA","1 UNIDAD","","","https://drive.google.com/file/d/1HhWAIhOPpJBly1q13x1tYuENnT8YT2-C/view","","719","­ƒöÁ falta descripci├│n","0"
"ACEITE DE OLIVA  5 L VERDE OLIVA","1 UNIDAD","","","https://drive.google.com/file/d/1-BTYBFcKSUF8WoXp9C4VcHaubtdnR55L/view","","720","­ƒöÁ falta descripci├│n","1"
"GRANOLA TRADICIONAL X KG","1 UNIDAD","","","","","722","🟢 ok","1"
"GRANOLA CON CHOCO X KG","1 UNIDAD","","","","","723","🟢 ok","2"
"FRUTA MULTICOLOR X KG","1 UNIDAD","","","","","725","🟢 ok","3"
"PASAS MOROCHAS SIN SEMILLA X KG","1 UNIDAD","","","","","726","🟢 ok","4"
"NUECES CONFITADAS X 100 g","1 UNIDAD","","","https://drive.google.com/file/d/1rSGhdeWDuDc2BU8IGrxZtR8JbYMtjrD-/view","","728","­ƒöÁ falta descripci├│n","4"
"ALMENDRAS TOSTADA CON ACEITE DE OLIVA Y SAL","1 UNIDAD","","","","","729","­ƒƒí falta imagen","0"
"MIX CITRICOS","100G/250G/1KG","","","https://drive.google.com/file/d/12QBbEObkcuELenw4Hw1i5M2bxaDm3aIy/view","","737","­ƒöÁ falta descripci├│n","0"
"ALMENDRAS CON CHOCO xKG","1 UNIDAD","","","","","751","🟢 ok","4"
"ARANDANOS CON CHOCO xKG","1 UNIDAD","","","","","752","🟢 ok","3"
"BARRA CHOCO 70% CON STEVIA x 100 g - COLONIAL","1 UNIDAD","El chocolate Colonial 70% Cacao con Stevia es una opci├│n de chocolate amargo diet├®tico fabricada en Argentina, dise├▒ada especialmente para quienes buscan reducir el consumo de az├║car sin sacrificar el sabor intenso del cacao. Es un producto muy popular en diet├®ticas y tiendas saludables por ser apto para cel├¡acos (Sin TACC) y personas con diabetes.","","https://drive.google.com/file/d/1tEMqFtY5CHTTVi0kPVkqUuZftUgBWaM1/view","","753","­ƒƒó ok","3"
"BARRA CHOCO SIN AZUCAR x 100 g - COLONIAL","1 UNIDAD","La barra de chocolate sin az├║car de la marca Colonial es una opci├│n popular en Argentina para personas con diabetes, cel├¡acas o quienes buscan reducir el consumo de az├║car. Se destaca por ser un producto libre de gluten (Sin TACC) y por utilizar edulcorantes en lugar de sacarosa.","","https://drive.google.com/file/d/1guwxJ8Acdq3a9vv-mUm5nW_JUIDcTcID/view","","754","­ƒƒó ok","28"
"ACEITERO SPRAY x 200 ml","1 UNIDAD","El aceitero spray es una de las herramientas m├ís populares en la cocina moderna para quienes buscan reducir calor├¡as y optimizar el uso de sus ingredientes. Su dise├▒o permite convertir l├¡quidos viscosos, como el aceite de oliva, en una niebla fina y uniforme.","","https://drive.google.com/file/d/1BmbRO-PstyqdU8C4MgNANoGIWNgEzw5Q/view","","756","­ƒƒó ok","10"
"GOTITAS DE CHOCO SEMIAMARGO X KG","1 UNIDAD","","","","","757","🟢 ok","4"
"MANI C/CHOCO SEMIAMARGO XKG","1 UNIDAD","","","","","758","🟢 ok","0"
"PASAS DE UVA C/CHOCO XKG","1 UNIDAD","","","","","759","🟢 ok","4"
"AVELLANAS CON CHOCO XKG","1 UNIDAD","","","","","760","🟢 ok","4"
"MOLINILLO CAFE MANUAL","1 UNIDAD","","","","","761","🟢 ok","4"
"INFUSOR PINZA","1 UNIDAD","Un infusor tipo pinza es una herramienta de cocina dise├▒ada para preparar t├® en hebras o infusiones de forma individual. Consiste en dos semiesferas (generalmente de malla de acero inoxidable) unidas a un mango con resorte que permite abrirlas y cerrarlas con una mano.","","https://drive.google.com/file/d/1z1OR-Z16132CoriSf5fzIAiB8AsVEGxn/view","","762","­ƒƒó ok","6"
"BARRA MUECAS X45GR","1 UNIDAD","Las barritas Muecas son snacks de cereales, frutos secos y semillas fabricados en Argentina. Se destacan por ser 100% naturales, sin conservantes ni jarabe de ma├¡z de alta fructosa (JMAF).","Cacao y Avellanas/Banana y Dulce de Leche/Manzana y Ar├índanos/Pasas y Almendras/Pasas y Ar├índanos","https://drive.google.com/file/d/1j9HvY5wTqfuioP8VKHYDDnwdLHIujPgg/view","","764","­ƒƒó ok","6"
"YOGHURT C/FRUTAS X 160","1 UNIDAD","","","","","774","🟢 ok","5"
"ALFAJORES MAICENA SIN TACC X 6 unidades","1 UNIDAD","Los alfajores de maicena son un cl├ísico que se puede lograr perfectamente sin gluten, manteniendo esa textura que se deshace en la boca.","","https://drive.google.com/file/d/17DRY13kFAmNeyn8buQBUdcMBtiM8sJhb/view","","777","­ƒƒó ok","9"
"COLAGENO HIDROLIZADO X KG ""PEPTAN B 2000 LD""","1 UNIDAD","","","","","781","🟢 ok","3"
"EUCALIPTUS X KG","1 UNIDAD","","","","","782","🟢 ok","1"
"YERBA DEL PLATERO","100G/250G/1KG","","","https://drive.google.com/file/d/1lmaTBTwKRx4zmpoMnZZGy7w2-O7bR5rB/view","","783","­ƒöÁ falta descripci├│n","1"
"TE DE BURRO X KG","1 UNIDAD","","","","","785","🟢 ok","0"
"SEN FOLICULOS X KG","1 UNIDAD","","","","","786","🟢 ok","0"
"LAVANDA X KG","1 UNIDAD","","","","","787","🟢 ok","0"
"CEDRON X KG","1 UNIDAD","","","","","788","🟢 ok","0"
"MELISA  X KG","1 UNIDAD","","","","","789","🟢 ok","0"
"MENTA HOJAS X KG","1 UNIDAD","","","","","790","🟢 ok","0"
"HARINA TRIGO SARRACENO X KG","1 UNIDAD","","","","","791","🟢 ok","0"
"YERBA MATE DESPALADA KALENA X KG","1 UNIDAD","","","","","793","🟢 ok","13"
"ALOE VERA JUGO X 250 ML ""NATIER""","1 UNIDAD","El jugo de Aloe Vera Natier es un suplemento dietario l├¡quido dise├▒ado principalmente para mejorar la salud digestiva y fortalecer el sistema inmunol├│gico. Se destaca por ser un producto 100% natural, libre de alo├¡na (el componente laxante amargo), sin TACC y apto para veganos.","","https://drive.google.com/file/d/1djdM2QMCC1ghHYZa4xXQgrIgv5DuRgQm/view","","794","­ƒƒó ok","2"
"PRESTAMO","","","","","","798","­ƒƒí falta imagen","115"
"TE VERDE X KG","1 UNIDAD","","","","","799","🟢 ok","1"
"COLAGENO HIDROLIZADO CAPSULA X 50 CÁPSULAS ""NATIER""","1 UNIDAD","","","","","800","🟢 ok","1"
"RESVERATROL X 50 CÁPSULAS ""NATIER""","1 UNIDAD","","","","","801","🟢 ok","2"
"CURCUMA+PIMIENTA X 50 CÁPSULAS ""NATIER""","1 UNIDAD","","","","","802","🟢 ok","0"
"VINAGRE DE SIDRA DE MANZANA X 50 CÁPSULAS ""NATIER""","1 UNIDAD","","","","","803","🟢 ok","3"
"VITAMINA C  X 50 CÁPSULAS ""NATIER""","1 UNIDAD","","","","","804","🟢 ok","3"
"AJO NEGRO X 50 CÁPSULAS ""NATIER""","1 UNIDAD","","","","","805","🟢 ok","0"
"MAGNESIO X 50 CÁPSULAS ""NATIER""","1 UNIDAD","","","","","807","🟢 ok","3"
"MEDALLONES VEGETARIANOS ""KISLEV""","1 UNIDAD","Los medallones vegetales Kisl├®v son una opci├│n 100% vegetal elaborada a base de legumbres y vegetales, con buen aporte de prote├¡nas y fibra. Son libres de gluten (sin T.A.C.C.) y aptos para dietas veganas, elaborados con ingredientes naturales sin conservantes ni saborizantes artificiales. Pr├ícticos y r├ípidos de preparar, funcionan como una alternativa saludable a las opciones tradicionales.","","https://drive.google.com/file/d/1B7D1V2lysBs1bZh4OfB5qDTlTFGdmwNg/view","","808","­ƒƒó ok","11"
"SAHUMO LIMPIEZA ENERGENTICA ""SAGRADA MADRE""","1 UNIDAD","","","https://drive.google.com/file/d/1rHWYRHmjrRZe7nrMGDC7PCBOKSfGhGpa/view","","814","­ƒöÁ falta descripci├│n","3"
"SAHUMERIO MOMENTOS X5 ""AROMANZA""","1 UNIDAD","","","https://drive.google.com/file/d/1PXoT88M5RRU9xj_Kf2-gYBecsfPw7DyY/view","","815","­ƒöÁ falta descripci├│n","3"
"SAHUMERIO TIBETANO X8 ""AROMANZA""","1 UNIDAD","","","https://drive.google.com/file/d/1EpFFWpbrBv_qfhYT3RdVFCgpjOq_EVMa/view","","816","­ƒöÁ falta descripci├│n","20"
"SAHUMEADOR GRANDE COLOR","1 UNIDAD","","","https://drive.google.com/file/d/1ev3_yitBfY5BWmRO905-ZZRUuWTzahSa/view","","820","­ƒöÁ falta descripci├│n","1"
"SAHUMEADOR CHICO CEMENTO","1 UNIDAD","","","https://drive.google.com/file/d/1no_fcO4GbwJjtlDQvXrdUgIuDK0n6xg5/view","","821","­ƒöÁ falta descripci├│n","1"
"DIENTE DE LEON XKG","100G/250G/1KG","","","https://drive.google.com/file/d/18mTEIVJnA2Y3UI9ddfAnlKVnhfGDRRMa/view","","822","­ƒöÁ falta descripci├│n","0"
"ASHWAGANDHA X 60 CAPSULAS ""SOMOS SETA""","1 UNIDAD","La Ashwagandha de ""Somos Setas"" es un suplemento adapt├│geno dise├▒ado para equilibrar el cuerpo y la mente, ayudando principalmente a reducir el estr├®s y mejorar la calidad del sue├▒o.","","https://drive.google.com/file/d/106kp-pmWXwhZybP0hKiERu6L3wIou9lg/view","","823","­ƒƒó ok","4"
"BARRAS ""CRUDDA""  X40Gr - SIN TACC","1 unidad","Las barras Crudda de 40g son snacks proteicos, plant-based (a base de plantas) y sin TACC (libres de gluten). Ofrecen aproximadamente 9g de prote├¡na vegetal y 7 g de fibra por unidad, disponibles en sabores como Brownie, Avellana Chocolate, Banana Toffee, Coco y Chocolate, entre otros.","BROWNIE/COCO/PEANUT CARAMEL/AVELLANA/ARANDANOS","https://drive.google.com/file/d/1xV00r5HSo3zy6rGeo_d5Yj28DoWrdl2j/view","","824","­ƒƒó ok","0"
"CITRATO DE MAGNESIO ""EL  NATURALISTA""","1 UNIDAD","El Citrato de Magnesio de El Naturalista es un suplemento alimenticio de alta biodisponibilidad, dise├▒ado para mejorar la salud muscular, nerviosa y ├│sea. Su f├│rmula combina carbonato de magnesio con ├ícido c├¡trico, lo que facilita una absorci├│n m├ís r├ípida y eficaz por el organismo en comparaci├│n con otras formas de magnesio.","","https://drive.google.com/file/d/1mRf1BFbOxI8NihwSkBQUNzjwF9W-ulYC/view","","826","­ƒƒó ok","9"
"CITRATO DE POTASIO ""EL NATURALISTA""","1 UNIDAD","El Citrato de Potasio de ""El Naturalista"" es un suplemento dietario dise├▒ado para reponer niveles de potasio en el organismo, favoreciendo principalmente la salud renal, muscular y ├│sea.","","https://drive.google.com/file/d/11T6jTwiWh8vqbm2ReafK6EzW3UrdfWZr/view","","827","­ƒƒó ok","0"
"GLICINATO DE MAGNESIO ""EL NATURALISA""","1 UNIDAD","El Glicinato de Magnesio de ""El Naturalista"" es un suplemento dietario que destaca por su alta biodisponibilidad y por ser suave con el sistema digestivo. A diferencia de otras formas de magnesio, esta versi├│n quelada (unida al amino├ícido glicina) se absorbe de manera m├ís eficiente y rara vez produce el efecto laxante com├║n en otros tipos.","","https://drive.google.com/file/d/1QTEiTTOducupRnuYSwMy0yjx96l9KbER/view","","828","­ƒƒó ok","0"
"ZINC ""EL NATURALISTA""","1 UNIDAD","","","","","829","🟢 ok","4"
"CARDOMARIANO x 30 cápsulas ""EL NATURALISTA""","1 UNIDAD","","","","","830","🟢 ok","0"
"SPIRULINA X 10 COMP. ""EL NATURALISTA""","1 UNIDAD","","","https://drive.google.com/file/d/1a1ogboUDOY8K2zaNgBU73NlxZKObywMv/view","","831","­ƒöÁ falta descripci├│n","4"
"GINKGO BILOBA FORTE X 10 COMP. ""EL NATURALISTA""","1 UNIDAD","El Ginkgo Biloba Forte de la marca El Naturalista es un suplemento fitoter├ípico (basado en plantas) dise├▒ado principalmente para potenciar la microcirculaci├│n cerebral y perif├®rica.","","https://drive.google.com/file/d/1LDrJVsyrk7Y2XrmBCItUR2JiJskYgnrR/view","","832","­ƒƒó ok","42"
"VITAMINA E X 10 COMP. ""EL NATURALISTA""","1 UNIDAD","","","https://drive.google.com/file/d/1weRPLU43kGxL6auIAANb-XtdqE7F17Je/view","","833","­ƒöÁ falta descripci├│n","0"
"GINSENG + MAGNESIO X 10 COMP. ""EL NATURALISTA""","1 UNIDAD","Este suplemento de la marca El Naturalista combina las propiedades adapt├│genas del Ginseng con los beneficios metab├│licos del Magnesio. Es utilizado principalmente como un energizante natural para combatir el agotamiento psicof├¡sico.","","https://drive.google.com/file/d/10X_F9ijvOFbFbwm-NndKxepX3KVexTBT/view","","834","­ƒƒó ok","9"
"LEVADURA DE CERVEZA SABOR QUESO X200GR","1 UNIDAD","","","","","836","­ƒƒí falta imagen","2"
"MARCIANO WINE MALBEC","1 UNIDAD","Marciano Malbec es un vino tinto intenso, estructurado y expresivo, que refleja las caracter├¡sticas de su terroir. Proveniente de Perdriel, Luj├ín de Cuyo (Mendoza), presenta un perfil equilibrado y con buena presencia en boca. Es una opci├│n vers├ítil para acompa├▒ar comidas o disfrutar en cualquier ocasi├│n.","","https://drive.google.com/file/d/1V3djtvWhUc2dexC3UOUN-Qz5bnUh-_1n/view","","838","­ƒƒó ok","6"
"BICARBONATO  DE SODIO X KG","1 UNIDAD","","","","","839","🟢 ok","4"
"POLEN X KG","1 UNIDAD","","","","","842","🟢 ok","1"
"ROSA MOSQUETA X KG","1 UNIDAD","","","","","843","🟢 ok","0"
"MALVA X KG","1 UNIDAD","","","","","845","🟢 ok","0"
"MAPLE ""SYRUP"" JARABE DE ARCE X250ML","1 UNIDAD","El maple syrup es un endulzante natural obtenido de la savia del arce. Se caracteriza por su sabor suave y acaramelado, ideal para acompa├▒ar desayunos y preparaciones dulces. Es una alternativa al az├║car refinado, con aporte de minerales.","","https://drive.google.com/file/d/170irm8-Z36RpbZkhy8M3Av8wK2G1DKkk/view","","846","­ƒƒó ok","0"
"STEVIA SOBRES X100 ""SIN TACC""","1 UNIDAD","","","","","848","🟢 ok","2"
"STEVIA LIQUIDA X120 ""SIN TACC""","1 UNIDAD","","","","","849","🟢 ok","7"
"GARAM MASALA XKG","1 UNIDAD","","","","","851","🟢 ok","0"
"VITAMINA D3 X 50 UNIDADES ""NATIER""","1 UNIDAD","","","https://drive.google.com/file/d/1cwb3oXXfCWB6HC2y_Bqd1YraaXUODEcJ/view","","852","­ƒöÁ falta descripci├│n","3"
"BARRA CROWIE  ARROZ ""SIN TACC""","1 UNIDAD","Las barritas de arroz Crowie son una opci├│n popular en Argentina para quienes buscan snacks Sin TACC (libres de gluten). Se destacan por ser livianas, tener pocas calor├¡as y estar elaboradas con una base de arroz integral yaman├¡ y semillas.","Chocolate Negro/Chocolate Blanco/Marroc/Lim├│n/Frutilla//Coco","https://drive.google.com/file/d/10wGpltOzuQiBJOf4wuxAdQyi7YXku8FT/view","","853","­ƒƒó ok","106"
"CORDYCEPS EXTRACTO 60CC ""SOMOS SETA""","1 UNIDAD","El Cordyceps de la marca Somos Seta es un suplemento de hongo adapt├│geno (espec├¡ficamente Cordyceps militaris) dise├▒ado principalmente para potenciar la energ├¡a f├¡sica, la resistencia y el rendimiento deportivo","","https://drive.google.com/file/d/1MG7ngaKMaCJJC43XG5d0Ln27QvH5W2V8/view","","855","­ƒƒó ok","1"
"TOSTADAS RISKY  ""SIN TACC""","1 UNIDAD","","","https://drive.google.com/file/d/1JUCP8UXU7fn23kFG9lHulypsoYx0uNNe/view","","857","­ƒöÁ falta descripci├│n","22"
"GALLETAS SLIM DOS HERMANO ""SIN TACC""","1 INIDAD","Las galletas de arroz Slim Dos Hermanos (100g) son un snack saludable, apto para cel├¡acos (sin TACC), elaborado con arroz integral, sin conservantes, colorantes ni colesterol. Son ideales para dietas por su bajo valor cal├│rico y alto contenido de fibra. Disponibles en variedades saladas, sin sal agregada y dulces.","SIN SAL/CON SAL","https://drive.google.com/file/d/1amGSxuQqZLZaffr0bmcOootGeGZbBSDe/view","","861","­ƒƒó ok","15"
"MELENA DE LEON X 60 CAPSULAS ""SOMOS SETA""","1 UNIDAD","La melena de le├│n en c├ípsulas de Somos Setas ofrece una forma c├│moda y precisa de incorporar este hongo funcional en la rutina diaria. Reconocido por su acci├│n sobre la salud cognitiva, contribuye a la memoria, la concentraci├│n y el bienestar del sistema nervioso. Es una opci├│n pr├íctica para suplementaci├│n diaria.","","https://drive.google.com/file/d/1t_XO3Snu-LiJC6Z6ryH5O80lNMBR9vdE/view","","862","­ƒƒó ok","3"
"REISHI X 60 CAPSULAS ""SOMOS SETA""","1 UNIDAD","","","https://drive.google.com/file/d/1OqRbE6JE83BxspzorDJ4E_2yDD13umAE/view","","863","­ƒöÁ falta descripci├│n","0"
"CORDYCEPS X 60 CAPSULAS ""SOMOS SETA""","1 UNIDAD","El Cordyceps de la marca Somos Seta es un suplemento de hongo adapt├│geno (espec├¡ficamente Cordyceps militaris) dise├▒ado principalmente para potenciar la energ├¡a f├¡sica, la resistencia y el rendimiento deportivo","","https://drive.google.com/file/d/168wRb1XdNhsNZwadsoiKWYAEpyRXtzlg/view","","864","­ƒƒó ok","1"
"GALLETAS CACHAFAZ INTEGRALES","1 UNIDAD","Las galletas integrales Cachafaz son reconocidas por ser una opci├│n m├ís natural y menos procesada dentro del mercado industrial. Se destacan por no utilizar harina blanca refinada ni grasas trans.","AVENA Y PASAS/ALMENDRAS Y MANI/ALGARROBA/AVENA Y CHIPS DE CHOCO","https://drive.google.com/file/d/1drUxk_PVSN4peFITlv3-FpOe2x-bk0oe/view","","865","­ƒƒó ok","2"
"MELENA+ASHWAGANDHA X 60CC ""SOMOS SETA""","1 UNIDAD","","","","","866","🟢 ok","0"
"ACEITE DE OLIVA   500 PET VERDE OLIVA","1 UNIDAD","","","https://drive.google.com/file/d/1gYtu83WZXt-pZgCxGEAdD48KAGt79yvH/view","","869","­ƒöÁ falta descripci├│n","15"
"MERMELADA DE FRUTILLAS Y ARANDANOS ""LAS DOÑAS""","1 UNIDAD","","","","","872","🟢 ok","4"
"MERMELADA DE CITRICOS ""LAS DOÑAS""","1 UNIDAD","","","","","873","🟢 ok","5"
"MERMELADA DE PERAS Y JENGIBRE ""LAS DOÑAS""","1 UNIDAD","","","","","874","🟢 ok","10"
"COLADOR COMUN ROSE","1 UNIDAD","","","","","875","­ƒƒí falta imagen","0"
"DELANTAL JEAN","1 UNIDAD","","","https://drive.google.com/file/d/1t-VCeyq9cwZqtv5br5_gUUqyS1A_FTYU/view","","876","­ƒöÁ falta descripci├│n","0"
"PLATA COLOIDAL X100ML","1 UNIDAD","","","","","881","­ƒƒí falta imagen","1"
"DULCE DE LECHE CON STEVIA DOÑA MAGDALENA ""SIN TACC""","1 UNIDAD","","","","","883","🟢 ok","0"
"ACEITE COCO NEUTRO ENTRENUTS ""SIN TACC"" x 360 G","1 UNIDAD","El Aceite de Coco Neutro Entrenuts es un producto vers├ítil, ideal tanto para la cocina como para el cuidado personal, ya que ha sido refinado para eliminar el sabor y el aroma caracter├¡sticos del coco.","","https://drive.google.com/file/d/152trCrtVnqrqBpTZmgkdRxJtLgjKj0VW/view","","890","­ƒƒó ok","2"
"ACEITE COCO VIRGEN ENTRENUTS ""SIN TACC"" X 200 g","1 UNIDAD","El Aceite de Coco Virgen Entrenuts es un producto 100% natural y puro, obtenido mediante prensado en fr├¡o para conservar su aroma y sabor caracter├¡sticos a coco. Es apto para personas con celiaqu├¡a (Sin TACC) y para dietas veganas.","","https://drive.google.com/file/d/1bIaTu-IwSu3LSvSHplMMRH646c_O-vfl/view","","891","­ƒƒó ok","5"
"SALSA TAHINE","1 UNIDAD","","","","","893","🟢 ok","5"
"DULCE DE LECHE DE COCO VEGANO ""SIN TACC"" - DOÑA MAGDALENA","1 UNIDAD","","","","","894","🟢 ok","0"
"MERMELADA ""DOÑA MAGDALENA"" C/STEVIA ""SIN TACC""","1 UNIDAD","","","","","902","🟢 ok","0"
"CALDO DE VERDURAS CON SAL ""El Naturalista"" x10sobres","1 UNIDAD","caldo de verduras con sal de la marca El Naturalista es un producto deshidratado e instant├íneo dise├▒ado para preparar sopas de forma r├ípida o para saborizar diversas comidas. Se destaca por ser una opci├│n sin grasas y, en algunas versiones, enriquecida con fibras.","","https://drive.google.com/file/d/1QxuNARdPyT1S79YHx2z5FhnfhY3KC5qG/view","","903","­ƒƒó ok","15"
"CALDO DE VERDURA SIN SAL ""El Naturalista"" x10sobres","1 UNIDAD","El caldo de verdura sin sal de El Naturalista es un producto deshidratado e instant├íneo dise├▒ado para quienes buscan reducir el consumo de sodio o grasas sin perder sabor en sus comidas.","","https://drive.google.com/file/d/1fe-jcgCY2l67EOuLVo7R9c0KHwPzqzNV/view","","904","­ƒƒó ok","2"
"CHOCOLATE 100%  COBERTURA SEMIAMARGO x kg - COLONIAL","100G/250G/1KG","El Chocolate Cobertura Semiamargo Colonial es un producto premium de reposter├¡a dise├▒ado para fundir y ba├▒ar. A diferencia de los ""ba├▒os de reposter├¡a"", este contiene manteca de cacao, lo que garantiza un brillo superior y un sabor m├ís intenso.","","https://drive.google.com/file/d/1pRzT_PG0qDeuoegFcfWK0_YyO5TV9Z6I/view","","908","­ƒƒó ok","4"
"MELENA+ REISHI X 60CC ""SOMOS SETA""","1 UNIDAD","","","","","909","🟢 ok","0"
"PREMEZCLA PIZZA ""DELICEL"" X500GR SIN TACC","1 UNIDAD","","","https://drive.google.com/file/d/1qQiCAYWwDLlhu6e7NQZgiJUOOdK-eoi2/view","","915","­ƒöÁ falta descripci├│n","0"
"REDUCTOR BLISTER  X 10 COMP.""EL NATURALISTA""","1 UNIDAD","","","https://drive.google.com/file/d/12YoRropKuis3u99GklU7H7xDfeiXtbfr/view","","916","­ƒöÁ falta descripci├│n","22"
"CURCUMA ACTIVADA CON PIMIENTA X 30 COMP. ""EL NATURALISTA""","1 UNIDAD","La c├║rcuma activada con pimienta de ""El Naturalista"" es un suplemento natural dise├▒ado para maximizar los beneficios antiinflamatorios y antioxidantes de la ra├¡z de c├║rcuma. La presencia de pimienta negra es clave, ya que la piperina que contiene aumenta la absorci├│n de la curcumina hasta en un 2000%.","","https://drive.google.com/file/d/1_bjSV4yAeIyGT7WRMi-36m3vw2Z1eUGJ/view","","917","­ƒƒó ok","0"
"CASCARA SAGRADA GOTAS X 60 CC ""EL NATURALISTA""","1 UNIDAD","La C├íscara Sagrada en gotas (tintura madre) de la marca El Naturalista es un suplemento herbario utilizado principalmente como laxante estimulante para el tratamiento a corto plazo del estre├▒imiento ocasional.","","https://drive.google.com/file/d/1UtKGvw0H8D3qO66sEwLmx9GFioDZGXFT/view","","918","­ƒƒó ok","5"
"MIEL BATIDA ""GOTAS DE ORO"" X500GR","1 UNIDAD","","","","","919","🟢 ok","4"
"VALERIANA BLISTER  X 10 COMP. ""EL NATURALISTA""","1 UNIDAD","","","https://drive.google.com/file/d/115lp6NWTavctF6OVKOnt9x3yK3IiiUFF/view","","922","­ƒöÁ falta descripci├│n","5"
"MIX FRUTOS ROJOS CONGELADOS X KILO","1 UNIDAD","","","https://drive.google.com/file/d/1VJuWIaKiV1W3Km9r-kL2_iLqixft1z1s/view","","923","­ƒöÁ falta descripci├│n","1"
"STEVIA HOJAS X KG","1 UNIDAD","","","","","925","🟢 ok","1"
"MATCHA X KG","1 UNIDAD","","","","","926","🟢 ok","0"
"PROBIOTICOS KYIOJIN X 60 ML","1 UNIDAD","","","","","927","🟢 ok","3"
"ACEITE DE OREGANO X30CC ""SOMOS SETA""","1 UNIDAD","El Aceite de Or├®gano de la marca Somos Seta es un extracto vegetal puro valorado por su alta concentraci├│n de compuestos activos como el carvacrol y el timol. Se destaca en el mercado por presentarse sin diluir.","","https://drive.google.com/file/d/1Wm8Iec471voAiw94oFHUZ4rB5mhZ-q8w/view","","932","­ƒƒó ok","2"
"MARACUYA CONGELADO X KG","1 UNIDAD","El maracuy├í congelado conserva el sabor intenso y las propiedades de la fruta fresca. Se presenta listo para usar en jugos, licuados o postres. Aporta vitamina C, antioxidantes y un perfil ├ícido caracter├¡stico.","","https://drive.google.com/file/d/16n7gYPIiVqSYmwGGWXO3XQgVCTgQMYOj/view","","933","­ƒƒó ok","2"
"CENTELLA ASIATICA X 50 NATIER","1 UNIDAD","La Centella Asi├ítica de Natier es un suplemento natural dise├▒ado principalmente para mejorar la salud circulatoria y la apariencia de la piel.","","https://drive.google.com/file/d/1NW1lGzNcovSdQcQHZxLxEivOtBvvj2IH/view","","934","­ƒƒó ok","2"
"VITAMINA B12 X 50 NATIER","1 UNIDAD","","","https://drive.google.com/file/d/1AJiPwHntqg-chyU1DmdNRhlm5DNWhbbY/view","","935","­ƒöÁ falta descripci├│n","0"
"OMEGA 3-SYNERGY 60 cap","1 UNIDAD","","","https://drive.google.com/file/d/1uGutYf5B69B_Y0RnSJ4yJ5GwGjdd3bVs/view","","936","­ƒöÁ falta descripci├│n","4"
"AGAR AGAR","100G/250G/1KG","","","https://drive.google.com/file/d/1nfDwEzADkkZ_M2syCT1_c39j6E6fHWj1/view","","952","­ƒöÁ falta descripci├│n","0"
"RESVERATROL X 30 ""EL NATURALISTA""","1 UNIDAD","","","https://drive.google.com/file/d/1mj8CgaMA7ha8Jb3qESVj3K5loT7Uw2qJ/view","","959","­ƒöÁ falta descripci├│n","7"
"CAROTENO X 10 cápsulas ""EL NATURALISTA""","1 UNIDAD","","","","","965","🟢 ok","2"
"PROPOLEO LIQ X 100ml El Naturalista","1 UNIDAD","","","https://drive.google.com/file/d/1_Y9tRfuTxV0SH6V-mCLQc_H47GIzLcIf/view","","968","­ƒöÁ falta descripci├│n","6"
"CURCUMA, JENGIBRE Y PIMIENTA vitawellness x 30 cap","1 UNIDAD","","","","","972","­ƒƒí falta imagen","2"
"VINAGRE DE SIDRA DE MANZANA X 250  ML ""NATIER""","1 UNIDAD","","","https://drive.google.com/file/d/1D8ScxsPL1mEF5hPltmmjj-Mm9k3mX3Yi/view","","973","­ƒöÁ falta descripci├│n","1"
"MIX SIN PASAS PREMIUM X KG","1 UNIDAD","","","","","974","🟢 ok","4"
"MEMBRILLITOS X30Gr ""PIZARRO""","1 UNIDAD","","","","","975","🟢 ok","19"
"KEFIR DE AGUA ""KE.LIVE"" SABORIZADO X 950 ML","1 UNIDAD","El K├®fir de Agua Ke.Live es una bebida fermentada artesanal rica en probi├│ticos que ayuda a regenerar la microbiota intestinal. A diferencia del k├®fir de leche, este se elabora con agua y az├║car (generalmente az├║car mascabo), lo que lo hace apto para veganos y personas con intolerancia a la lactosa.","FRUTILLA/NARANJA-MANZANA/LIMON-NARANJA/LIMON-JENGIBRE-NARANJA","https://drive.google.com/file/d/1sWZyLQ4U7Sao99ttJvgzi6UXXrwu6Bz_/view","","978","­ƒƒó ok","5"
"CREATINA MONOHIDRATO","250G/500G/1KG","La creatina monohidrato es uno de los suplementos deportivos m├ís estudiados y efectivos del mundo. Su funci├│n principal es aumentar las reservas de fosfocreatina en los m├║sculos para producir energ├¡a r├ípidamente durante ejercicios de alta intensidad.","","https://drive.google.com/file/d/1p1DC201LdeiFCMTYVAMZOiY5EWWXFFk_/view","","984","­ƒƒó ok","10"
"PROTEINA AISALDA DE SUERO X KG","1 UNIDAD","","","","","985","🟢 ok","2"
"GOTITAS DE CHOCO BLANCO X KG","250G/500G/1KG","","","https://drive.google.com/file/d/1LoOfkqDKcFnDpE0Z_KERZVuXSY-gwz7M/view","","987","­ƒöÁ falta descripci├│n","2"
"MOLINILLO ACERO INOXIDABLE","1 UNIDAD","","","","","996","🟢 ok","5"
"MORTERO MARMOL","1 UNIDAD","","","https://drive.google.com/file/d/1Kn9UEGqwFqVtJrciwDf0AHiM8hokko6D/view","","997","­ƒöÁ falta descripci├│n","0"
"SPIRULINA EN POLVO X KG","1 UNIDAD","","","","","1002","🟢 ok","2"
"EXTRACTO DE VAINILLA NATURAL X 100 CC ""EL CASTILLO""","1 UNIDAD","El extracto de vainilla natural es una soluci├│n arom├ítica obtenida mediante la maceraci├│n de vainas de vainilla (Vanilla planifolia) en alcohol y agua, ofreciendo un sabor intenso, puro y complejo, superior a las esencias artificiales. Es fundamental en reposter├¡a de calidad para aromatizar bizcochos, cremas y helados, siendo una opci├│n m├ís saludable y sin aditivos qu├¡micos.","","https://drive.google.com/file/d/1mIsDkXBC2n8_YaXjNskxqYG9QTyf3XTg/view","","1003","­ƒƒó ok","4"
"VINAGRE DE SIDRA DE MANZANA X 500 ML ""NATIER""","1 UNIDAD","","","https://drive.google.com/file/d/1ZVb23RFIe9sGhhlcvyfY6mC0KBi1cTbk/view","","1009","­ƒöÁ falta descripci├│n","2"
"PIMIENTA JAMAICA X KG","1 UNIDAD","","","","","1010","🟢 ok","1"
"ACEITE COCO NEUTRO ENTRENUTS ""SIN TACC"" x 200","1 UNIDAD","El Aceite de Coco Neutro Entrenuts es un producto vers├ítil, ideal tanto para la cocina como para el cuidado personal, ya que ha sido refinado para eliminar el sabor y el aroma caracter├¡sticos del coco.","","https://drive.google.com/file/d/1DT-EJI0FphtfZMGLOEMrSeYMNeaS2Dbp/view","","1011","­ƒƒó ok","4"
"ACEITE COCO VIRGEN ENTRENUTS ""SIN TACC"" X 360 g","1 UNIDAD","El Aceite de Coco Virgen Entrenuts es un producto 100% natural y puro, obtenido mediante prensado en fr├¡o para conservar su aroma y sabor caracter├¡sticos a coco. Es apto para personas con celiaqu├¡a (Sin TACC) y para dietas veganas.","","https://drive.google.com/file/d/10RUG87XYxr6t9RrYo6_F7kMzVyukmkJU/view","","1012","­ƒƒó ok","9"
"BARRA CHOCO 80% X 100 g - COLONIAL","1 UNIDAD","La barra de chocolate Colonial 80% Cacao es una de las opciones m├ís populares en Argentina para quienes buscan un chocolate amargo de alta pureza, con certificaci├│n org├ínica y sin TACC.","","https://drive.google.com/file/d/14RCfMfiamjxbBTREICeDFap3Pxvxx4w5/view","","1014","­ƒƒó ok","7"
"MANTECA CLARIFICADA GHEE ""ENTRENUTS"" X370","1 UNIDAD","","","","","1015","🟢 ok","0"
"MIEL BATIDA ""GOTAS DE ORO"" X250GR","1 UNIDAD","","","","","1017","🟢 ok","0"
"MORINGA TINTURA MADRE X60cc ""EL NATURALISTA""","1 UNIDAD","","","https://drive.google.com/file/d/1l-JYUR09DCmVHlbvTXTJgsyewZYUXT_K/view","","1022","­ƒöÁ falta descripci├│n","3"
"ACEITE PURO DE ARGAN X 50CC","1 UNIDAD","El Aceite de Arg├ín de El Naturalista es un producto de origen 100% natural, obtenido por presi├│n en fr├¡o de las almendras del ├írbol Argania spinosa. Es valorado en cosm├®tica como ""oro l├¡quido"" por su alta concentraci├│n de Vitamina E y ├ícidos grasos esenciales (Omega 6 y 9).","","https://drive.google.com/file/d/1DTG30mgxAxX-HE8AQBlPhtyRGOXMLclE/view","","1023","­ƒƒó ok","3"
"CALDO DE HUESO "" MEDICINA ANCESTRAL""","1 UNIDAD","El caldo de huesos es una de las pr├ícticas culinarias m├ís antiguas del mundo, valorada hoy como un ""superalimento"" por su densidad nutricional. Se obtiene al cocinar huesos y tejidos conectivos de animales (generalmente res, pollo o pescado) a fuego muy lento durante per├¡odos prolongados (de 12 a 48 horas).","","https://drive.google.com/file/d/1_a6h0Z2Y7HjndJ8aJ9-Yq9lu_mk1MPCI/view","","1024","­ƒƒó ok","4"
"GALLETAS SIN TACC X KG","1 UNIDAD","","","","","1026","🟢 ok","1"
"CENTELLA ASIATICA+GINKGOBILOBA+TEVERDE+HIBISCUS","1 UNIDAD","Este suplemento de Vita Wellness combina cuatro extractos bot├ínicos conocidos principalmente por mejorar la circulaci├│n, la metabolizaci├│n de grasas y la funci├│n cognitiva.","","https://drive.google.com/file/d/1-fv6AsarrEr0r3RJvNgkCMzR4jKciSrS/view","","1027","­ƒƒó ok","2"
"MIEL CREMOGENADA  x 500 g ""TRES SOLES"" - FLOR DEL ALGARROBO","1 UNIDAD","","","","","1031","­ƒƒí falta imagen","0"
"MIEL X 500 g ""TRES SOLES"" - JALEA","1 UNIDAD","La miel Tres Soles es una miel de abeja de origen natural que nace en Mendoza, con sabor dulce y perfil arom├ítico floral. Presenta textura fluida y es apta para consumo directo o como endulzante, siendo ideal para infusiones y uso cotidiano. Como toda miel pura, puede conservarse durante largos per├¡odos si se mantiene en condiciones adecuadas: no requiere refrigeraci├│n, debe guardarse en un lugar fresco, seco y bien cerrado, y alejada de fuentes de calor para preservar sus cualidades.","","https://drive.google.com/file/d/11fQGPxc6AIN8faN3Lpv7e5lWpk6E77fw/view","","1032","­ƒƒó ok","7"
"MIEL X 300 g ""TRES SOLES"" - JALEA","1 UNIDAD","","","","","1033","🟢 ok","2"
"CERA DE MIEL DEPILATORIA","1 UNIDAD","","","","","1036","­ƒƒí falta imagen","0"
"CUENCOS DE CERÁMICA","1 UNIDAD","","","","","1037","🟢 ok","0"
"ACEITE DE TOMILLO ""SUPPLY"" X30ML","1 UNIDAD","","","","","1038","­ƒƒí falta imagen","0"
"RELAX BLEND X50CAP. ""NATIER""","1 UNIDAD","","","https://drive.google.com/file/d/1vWejTruqiZOx8b4iYLRZJtVm5cL5HN6i/view","","1040","­ƒöÁ falta descripci├│n","2"
"GIN DE AUTOR SABORIZADO x 500 cc ""TIERRA SANTA""","1 UNIDAD","El gin de autor Tierra Santa es un destilado artesanal premium originario de Mendoza, Argentina, elaborado por Destiler├¡a Tierra Santa. Se destaca por utilizar bot├ínicos aut├│ctonos del pedemonte y la monta├▒a mendocina, ofreciendo una experiencia sensorial ligada a su territorio.","MALBEC/ROBLE/LUPULO","https://drive.google.com/file/d/1HEvXvfonRGikiwzr2JtetfXpMwbaAGTp/view","","1046","­ƒƒó ok","3"
"GIN DE AUTOR LODON DRY x 750 cc ""TIERRA SANTA""","1 UNIDAD","El gin de autor Tierra Santa es un destilado artesanal premium originario de Mendoza, Argentina. Se caracteriza por utilizar bot├ínicos aut├│ctonos de las monta├▒as mendocinas y del pedemonte, logrando un perfil ├║nico que combina la tradici├│n del estilo London Drycon la identidad del suelo local.","","https://drive.google.com/file/d/1JHW90_Vk_7-MPME9iP4-JDj8a-1PFCwX/view","","1049","­ƒƒó ok","0"
"MANTELITOS ARTESANALES (POLIÉSTER)","1 UNIDAD","","","https://drive.google.com/file/d/1ZLmUTVng-qZrie2Klso2rEPqKML5Q2nW/view","","1052","­ƒöÁ falta descripci├│n","0"
"MERKEN CHILENO X KG","1 UNIDAD","","","","","1053","🟢 ok","1"
"ESENCIA DE PAN DULCE 60 cc","1 UNIDAD","","","","","1054","­ƒƒí falta imagen","0"
"ESENCIA DE AGUA DE AZAHAR 60 cc","1 UNIDAD","","","https://drive.google.com/file/d/1mzh5QK15PYaKWabU9r8NaS9ab1UduMVn/view","","1055","­ƒöÁ falta descripci├│n","2"
"HARINA DE ALMENDRAS C/PIEL","1 UNIDAD","","","","","1060","🟢 ok","4"
"LENTEJA DE CHOCOLATE XKG","1 UNIDAD","","","","","1061","🟢 ok","4"
"MANGO EN TROZOS CONGELADOS  XKG","1 UNIDAD","","","","","1062","🟢 ok","0"
"SELENIO QUELADO ""NATIER"" X 50 CAP","1 UNIDAD","","","https://drive.google.com/file/d/150TvOfr-J3nWA_BIUdRUuIBNX1xNd4UD/view","","1063","­ƒöÁ falta descripci├│n","0"
"SEN HOJAS X KG","1 UNIDAD","","","","","1067","🟢 ok","2"
"ALOE VERA DIGESTIVO BEBIBLE X250 ""NATIER""","1 UNIDAD","El Aloe Vera Bebible de Natier es un suplemento natural dise├▒ado para mejorar la salud gastrointestinal y fortalecer el sistema inmunol├│gico. Se destaca por ser libre de alo├¡na (el componente laxante del aloe) y apto para cel├¡acos y veganos.","","https://drive.google.com/file/d/12z7Y2tsdinNfYhl4u0P34WV0GB18OGN6/view","","1068","­ƒƒó ok","0"
"ALOE VERA JUGO X 500 ML"" NATIER""","1 UNIDAD","","","https://drive.google.com/file/d/1UX-XypHShsdeOYeYOj2X0YkZygc18hhP/view","","1070","­ƒöÁ falta descripci├│n","2"
"BLEND DE TE X 30g","1 UNIDAD","Un blend de t├® es una mezcla dise├▒ada de diferentes tipos de hojas de t├® o la combinaci├│n de t├® con otros ingredientes bot├ínicos (flores, especias, frutas). El objetivo es crear un perfil de sabor ├║nico, equilibrado y consistente que una sola variedad de t├® no podr├¡a lograr por s├¡ misma.","DIGESTIVO/CALMA FLORAL/NEGRO ESPECIADO/MATE Y COMPA├æIA ","https://drive.google.com/file/d/1M0zna1WUZv1KVDWEs5PM8REmla7auSxs/view","","1071","­ƒƒó ok","0"
"TOFU SOYANA ORGÁNICO 350 g","1 UNIDAD","","","","","1072","🟢 ok","0"
"BOMBITA DEFUMACION X 4 uni. - SAGRADA MADRE","1 UNIDAD","Las Bombitas de Defumaci├│n Sagrada Madre son esferas de incienso activado, fabricadas artesanalmente para limpiezas energ├®ticas profundas. A diferencia de los sahumerios tradicionales, no requieren carb├│n extra, ya que est├ín dise├▒adas para encenderse directamente.","","https://drive.google.com/file/d/1Gcm4-suIzUpWttZ1G2w5nWgLppeLzbhp/view","","1073","­ƒƒó ok","13"
"SAHUMERIOS CON PORTASAHUMERIO AROMANZA","1 UNIDAD","","","https://drive.google.com/file/d/1lGK7JxIK2gLYlBqHMPo5lx-PeNZQvHN8/view","","1074","­ƒöÁ falta descripci├│n","4"
"PREMEZCLA BIZCOCHUELO ""DELICEL"" X500GR SIN TACC","1 UNIDAD","","VAINILLA/CHOCOLATE","https://drive.google.com/file/d/1CTgbPFS__p_SOmHGkwAJBum-OEYJfhVo/view","","1078","­ƒöÁ falta descripci├│n","0"
"NAD X 60 cápsulas ""EL NATURALISTA""","1 UNIDAD","","","","","1079","🟢 ok","1"
"NAD+RESVERATROL X 60 cápsulas ""EL NATURALISTA""","1 UNIDAD","","","","","1080","🟢 ok","7"
"MELENA DE LEON SUPPLY 60 ml","1 UNIDAD","","","","","1082","­ƒƒí falta imagen","0"
"ACIDO ASCÓRBICO X KG","1 UNIDAD","","","","","1091","🟢 ok","0"
"TILO EN HOJAS","100G/250G/1KG","","","https://drive.google.com/file/d/1yOXQb7t0d69ngQzo9QPaOE4WK8HJlkIs/view","","1092","­ƒöÁ falta descripci├│n","0"
"POLVO  PARA HORNEAR X KG","1 UNIDAD","","","","","1093","🟢 ok","12"
"SPIRULINA CONCENTRADA NATIER x 50 cápsulas","1 UNIDAD","","","","","1094","🟢 ok","0"
"CARQUEJA TINTURA MADRE  ""EL NATURALISTA""","1 UNIDAD","La Tintura Madre de Carqueja de ""El Naturalista"" es un extracto vegetal concentrado (generalmente de Baccharis trimera) utilizado principalmente como protector del h├¡gado y auxiliar digestivo.","","https://drive.google.com/file/d/1-lo402d647WKiJtdRF1NhX6rb3mp8Oeu/view","","1096","­ƒƒó ok","0"
"ACEITE PURO DE RICINO ""EL NATURALISTA""","1 UNIDAD","El Aceite Puro de Ricino de ""El Naturalista"" es un producto cosm├®tico natural, extra├¡do habitualmente de las semillas de Ricinus communis. Se comercializa generalmente en presentaciones de 50 ml y es valorado por su pureza y alto contenido de ├ícido ricinoleico (Omega 9) y vitamina E. ","","https://drive.google.com/file/d/1BQ24XKilgq5IpawRut_5YcLzpBzqlHkB/view","","1097","­ƒƒó ok","1"
"GALLETITAS DELICEL (SIN TACC) x 150 g","1 UNIDAD","Las galletitas DeliCel son una opci├│n popular en Argentina para quienes llevan una dieta libre de gluten (Sin T.A.C.C.). Se destacan por ser libres de l├ícteos y lactosa en la mayor├¡a de sus variedades.","PEPAS/CHIPS DE CHOCOLATE/NARANJA/CHOCOLATE/LIMON/COCO/BIZCOCHOS SALADOS","https://drive.google.com/file/d/1RNYHWlRD2WlV38DPdqyNn6kZfaWJ5HNH/view","","1099","­ƒƒó ok","1"
"AVENA INSTANTANEAX 400 g ""SIN TACC""","1 UNIDAD","La avena es naturalmente libre de gluten, pero suele contaminarse en el campo o la f├íbrica. La etiqueta ""Sin Gluten"" garantiza que fue procesada en instalaciones limpias y certificadas.","","https://drive.google.com/file/d/1ilWhhclEOGB0IAPMDb7ymqNlimn7BHCf/view","","1100","­ƒƒó ok","0"
"VINAGRE  DE SIDRA DE MANZANA ""VERDE VIDA"" X 500 ML","1 UNIDAD","","","https://drive.google.com/file/d/1C8DQ2Rvo1MoX-LcxaE7eb-0HwVt3r4qg/view","","1109","­ƒöÁ falta descripci├│n","5"
"TRIGO SARRACENO PELADO X KG","1 UNIDAD","","","","","1112","🟢 ok","0"
"MERMELADA DE PERAS AL MALBEC ""LAS DOÑAS""","1 UNIDAD","","","","","1113","🟢 ok","2"
"PISTACHOS NATURALES SIN CÁCARA X KG","1 UNIDAD","","","","","1114","🟢 ok","14"
"HIPÉRICO TINTURA MADRE X 60 CC","1 UNIDAD","La tintura madre de Hip├®rico (tambi├®n conocida como Hierba de San Juan o Hypericum perforatum) es uno de los remedios naturales m├ís utilizados para equilibrar el estado de ├ínimo.","","https://drive.google.com/file/d/1HHjUxzloU8wAh4I1z1bez0qAEbobrC9s/view","","1115","­ƒƒó ok","0"
"MELISA TINTURA MADRE X 60 CC","1 UNIDAD","La tintura madre de melisa es un extracto hidroalcoh├│lico concentrado elaborado a partir de las hojas de la planta. Se utiliza como apoyo natural para el sistema nervioso y digestivo, favoreciendo la relajaci├│n, el descanso y la digesti├│n en casos de estr├®s o nerviosismo. Su formato l├¡quido permite una absorci├│n r├ípida y una dosificaci├│n precisa.","","https://drive.google.com/file/d/1BEE03uQopNO5T90pEzRQ3lZ1W2H-vIXN/view","","1116","­ƒƒó ok","0"
"ORTIGA TINTURA MADRE X 60 CC","1 UNIDAD","","","https://drive.google.com/file/d/14Ly-TbZlGMfks8w-vsO-sYBqVBfq3qk4/view","","1117","­ƒöÁ falta descripci├│n","4"
"NENCIA TINTURA MADRE  X 60 CC","1 UNIDAD","","","https://drive.google.com/file/d/1CkoOdz3Shcg5Ay0rnu95low1979ETd9f/view","","1118","­ƒöÁ falta descripci├│n","0"
"PASIONARIA TINTURA MADRE X 6O CC","1 UNIDAD","","","https://drive.google.com/file/d/1AZfzS1YJFaunAWJo3g5axQc0O9rudhBQ/view","","1119","­ƒöÁ falta descripci├│n","2"
"VALERIANA TINTURA MADRE X 60 CC","1 UNIDAD","","","https://drive.google.com/file/d/11Jx00g2O31EGidIERfHpoFVqJg8nsTWm/view","","1120","­ƒöÁ falta descripci├│n","2"
"SAL DIETETICA NATURAL","1 UNIDAD","","","","","1121","🟢 ok","2"
"ACEITE PURO DE ALMENDRAS X 50 CC","1 UNIDAD","El Aceite Puro de Almendras de El Naturalista es un producto 100% natural, extra├¡do de almendras dulces para conservar sus propiedades nutritivas. Se utiliza principalmente en cosm├®tica para hidratar profundamente la piel y el cabello.","","https://drive.google.com/file/d/1x5L-ScWPsjQ9KhPUz4s9l1E7DE5KzFlL/view","","1122","­ƒƒó ok","1"
"ACEITE DE SÉSAMO X 250 ML NATRUSEM","1 UNIDAD","El aceite de s├®samo Nutrasem es un producto gourmet de origen argentino, destacado por ser prensado en fr├¡o y elaborado a partir de semillas tostadas. Este proceso garantiza un sabor intenso y la conservaci├│n de sus propiedades nutricionales originales.","","https://drive.google.com/file/d/11KBYT2aeiYnLfeCyMnVwGyk7q3Ic03xs/view","","1123","­ƒƒó ok","1"
"TRIGO CANDEAL X KG","1 UNIDAD","","","","","1124","🟢 ok","4"
"MELENA DE LEON EXTRACTO 60cc ""SOMOS SETA""","1 UNIDAD","","","","","1125","🟢 ok","1"
"CAFE BRASIL BB X 250","1 UNIDAD","","","","","1126","🟢 ok","4"
"CAFE COLOMBIA HUILA BB X250","1 UNIDAD","","","","","1127","🟢 ok","1"
"CAFE DESCAFEINADO EXOTIC COLOMBIA BB X250","1 UNIDAD","","","","","1128","🟢 ok","1"
"FILTROS PARA CAFE X 10 unidades","1 UNIDAD","","","","","1129","­ƒƒí falta imagen","0"
"CALCIO+VITAMINA ""D"" 60 uni.  ""EL NATURALISTA""","1 UNIDAD","","","","","1130","­ƒƒí falta imagen","2"
"ACEITE DE LINO X 150 cc ""NUTRA SEM""","1 UNIDAD","El aceite de lino es un suplemento nutricional de alta calidad obtenido mediante prensado en fr├¡o, un proceso que garantiza la conservaci├│n de sus propiedades naturales, especialmente su alta concentraci├│n de Omega 3 (├ícido alfa-linol├®nico).","","https://drive.google.com/file/d/1amltRyv8PKnASe_So-8mp4Y_W4l2A_V0/view","","1131","­ƒƒó ok","2"
"ACEITE DE LINO X 250 cc ""NUTRA SEM""","1 UNIDAD","","","https://drive.google.com/file/d/1rLGrJu31pwNrrLTwElmBOGFvxJJyOHbV/view","","1132","­ƒöÁ falta descripci├│n","3"
"ENVIO","","","","","","1133","­ƒƒí falta imagen","13"
"VERMUTH  ""AQUI Y AHORA""","1 UNIDAD","","","https://drive.google.com/file/d/1JHuBtAerwlnRmkY4-XE_WJwKi5YOTURS/view","","1137","­ƒöÁ falta descripci├│n","0"
"KIMCHI VERDE VIDA 360 ml","1 UNIDAD","","","","","1140","🟢 ok","1"
"PEPERINA X KG","1 UNIDAD","","","","","1142","🟢 ok","0"
"DIFUSOR ""ILUMINARTE"" X 125 ml","1 UNIDAD","Los difusores Iluminarte son aromatizantes l├¡quidos de varillas dise├▒ados para perfumar y decorar ambientes de forma continua y suave.","","https://drive.google.com/file/d/1ANlC6yXRw7ddgx12pKu7OBeNdAmYnZTk/view","","1145","­ƒƒó ok","9"
"PROPOLEO SPRAY 30 cc ""EL NATURALISTA""","1 UNIDAD","","","https://drive.google.com/file/d/1MOwgKWz36p59SWw4cMqX6YL_eCASi5VT/view","","1146","­ƒöÁ falta descripci├│n","2"
"EQUINACEA TINTURA MADRE 60 cc ""EL NATURALISTA""","1 UNIDAD","La tintura madre de Equin├ícea de la marca El Naturalista es un extracto natural concentrado que se utiliza principalmente para fortalecer el sistema inmunol├│gico y prevenir enfermedades estacionales.","","https://drive.google.com/file/d/1lBPousVp1ZkmV1_yqdTCelyaH7LZd7xu/view","","1147","­ƒƒó ok","4"
"VELON BURBUJA","1 UNIDAD","","","https://drive.google.com/file/d/1xqgExzcORnGWtGy1IewNZMeLYgZCUsS3/view","","1150","­ƒöÁ falta descripci├│n","12"
"GOMA XANTICA","100G/250G/1KG","La goma x├íntica (o xantana) es un polisac├írido natural utilizado principalmente como espesante y estabilizador en alimentos y cosm├®ticos. Se obtiene mediante la fermentaci├│n de az├║cares por la bacteria Xanthomonas campestris. Es famosa en la cocina porque permite que los ingredientes se unan sin necesidad de gluten o altas temperaturas.","","https://drive.google.com/file/d/1sapHAnz98e93LeCTwWNmDUQ-H0Pvjjpq/view","","1153","­ƒƒó ok","0"
"POLVO P/HORENAR X 250 g SIN TACC - DICOMERE","1 UNIDAD","","","","","1155","🟢 ok","1"
"ASHWAGANDHA X 60 CC ""SOMOS SETA""","1 UNIDAD","La Ashwagandha de ""Somos Setas"" es un suplemento adapt├│geno dise├▒ado para equilibrar el cuerpo y la mente, ayudando principalmente a reducir el estr├®s y mejorar la calidad del sue├▒o.","","https://drive.google.com/file/d/1V0MR-HjINLy8lyGawuZqcOZwZoCJ3Erz/view","","1156","­ƒƒó ok","0"
"REISHI X 60 CC ""SOMOS SETA""","1 UNIDAD","","","https://drive.google.com/file/d/163sCqXvo9Eh0r-hCvM4PyJJDxZVNHKhl/view","","1157","­ƒöÁ falta descripci├│n","1"
"PSYLLIUM SEMILLA X KG","1 UNIDAD","","","","","1158","🟢 ok","3"
"BLEND DE TE X KG","100G/250G/1KG","","","","","1159","­ƒƒí falta imagen","0"
"ACETO BALSAMICO MILLAN X 250 cc","1 UNIDAD","El Aceto Bals├ímico Mill├ín es uno de los condimentos m├ís prestigiosos de Argentina, producido por Acetaia Mill├ín en Maip├║, Mendoza. Es reconocido por ser el ├║nico en el pa├¡s certificado por el Consorzio Tutela Aceto Bals├ímico di Modena con la Identificaci├│n Geogr├ífica Protegida (IGP) para su envasado.","","https://drive.google.com/file/d/1IOGhOiSEQdJLK-3PEc0_qOoL5gVz6UPG/view","","1160","­ƒƒó ok","6"
"SALERO/PIMENTERO","1 UNIDAD","","","","","1163","🟢 ok","15"
"PSYLLIUM MOLIDO X KG","1 UNIDAD","","","","","1164","🟢 ok","5"
"PALO SANTO X30GR","1 UNIDAD","","","https://drive.google.com/file/d/1pXYuQHe6z_LUN5zlZmJi5T4B43GJeyBr/view","","1165","­ƒöÁ falta descripci├│n","2"
"PRENSA FRANCESA 800 ml","1 UNIDAD","","","https://drive.google.com/file/d/1SsZDSzjTzR4fk75sam4cSG_TBnucoI4v/view","","1169","­ƒöÁ falta descripci├│n","0"
"CLORURO DE MAGNESIO X KG","1 UNIDAD","","","","","1176","🟢 ok","5"
"SEMILLAS HINOJO","100G/500G/1KG","","","https://drive.google.com/file/d/1Q-J9P0hyb1Q5NK7fmVh0yzhgr96_wTFZ/view","","1177","­ƒöÁ falta descripci├│n","1"
"MERMELADA FRUTOS ROJOS CON STEVIA ""DOÑA MAGDALENA""","1 UNIDAD","","","","","1179","🟢 ok","0"
"TAZA VIDRIO","1 UNIDAD","","","","","1181","­ƒƒí falta imagen","6"
"SYRUP DE DATILES ""LYNA""","1 UNIDAD","","","https://drive.google.com/file/d/1BNWF5zjeaQYcLiT1jTvKF1Lia2D3diqs/view","","1183","­ƒöÁ falta descripci├│n","3"
"PASAS DE UVA CEREZA CON SEMILLA X KG","1 UNIDAD","","","","","1184","🟢 ok","5"
"LEVADURA LEVEX 13 g","1 UNIDAD","","","https://drive.google.com/file/d/1gt-1bLjb6gjjkeTJRfRfLVCLA6Rs_k5b/view","","1185","­ƒöÁ falta descripci├│n","6"
"CAJA FUERZA DIVINA","1 UNIDAD","","","","","1186","­ƒƒí falta imagen","1"
"MIXTURAS","","","","","","1187","­ƒƒí falta imagen","2"
"ZAPALLO EN ALMIBAR X3.8KG","1 UNIDAD","","","","","1188","­ƒƒí falta imagen","0"
"HIGOS EN ALMIBAR X 3,8 KG","1 UNIDAD","","","","","1189","­ƒƒí falta imagen","0"
"LA IRIDE CHAMP EXTRA BRUT X 750 cc","1 UNIDAD","","","","","1191","🟢 ok","0"
"BANANITAS CON CHOCO","1 UNIDAD","","","","","1199","🟢 ok","2"
"TETERA CON INFUSOR 550 ml","1 UNIDAD","","","","","1201","🟢 ok","5"
"TETERA CON INFUSOR 750ml","1 UNIDAD","","","","","1202","🟢 ok","10"
"KOMBUCHA  EYWA 354 ml","1 UNIDAD","","","","","1203","🟢 ok","8"
"BARRA ""INTEGRA""","1 UNIDAD","Las barritas ├ìNTEGRA son snacks saludables creados por la nutricionista Laura Romano, dise├▒ados para ofrecer una opci├│n nutritiva y real frente a los ultraprocesados. Se destacan por usar ingredientes 100% naturales, ser ricas en fibra y, en sus versiones espec├¡ficas, aportar una alta cantidad de prote├¡na.","Ar├índanos y semillas/caj├║ y ar├índanos/banana y nuez","https://drive.google.com/file/d/1I3sXrAbibz4MXrj8IPUAQRXKdqth-LIA/view","","1204","­ƒƒó ok","1"
"BISGLICINATO DE MAGNESIO NATIER 50 cápsulas","1 UNIDAD","","","","","1207","🟢 ok","0"
"TREMELLA EN POLVO 30 g ""SOMOS SETAS""""","1 UNIDAD","","","https://drive.google.com/file/d/1NhMbjCKNh-vrfUNZ25Gfn4uYWJcsq0bt/view","","1208","­ƒöÁ falta descripci├│n","1"
"TREMELLA EXTRACTO 60 cc ""SOMOS SETAS""","1 UNIDAD","","","https://drive.google.com/file/d/11PrUf3m4C-R7n5SsBXkS14PpzYsEWo9i/view","","1209","­ƒöÁ falta descripci├│n","2"
"HIBISCUS EXTRACTO 60 cc ""SOMOS SETAS""","1 UNIDAD","El extracto de Hibiscus de la marca argentina Somos Setas es un suplemento l├¡quido concentrado dise├▒ado para apoyar el sistema cardiovascular, el metabolismo y la digesti├│n. Aunque la marca es reconocida principalmente por sus hongos adapt├│genos(como Reishi o Melena de Le├│n), han incorporado la flor de hibiscus como un aliado funcional por su alta densidad de antioxidantes.","","https://drive.google.com/file/d/1ZLHJNh59r89OipEuk51UyPxGfYGHZV2H/view","","1210","­ƒƒó ok","2"
"ACEITE DE HIBISCUS 30 ml ""SOMOS SETAS""","1 UNIDAD","El Aceite de Flor de Hibiscus es un extracto natural dise├▒ado para el cuidado de la piel y el bienestar general. Producido en Argentina, este aceite destaca por su alta concentraci├│n de antioxidantes y vitaminas. ","","https://drive.google.com/file/d/1QqmV8SVB8Y-2JWnYv3MAMISntptyKs-3/view","","1211","­ƒƒó ok","1"
"MELENA DE LEON EN POLVO 30 g ""SOMOS SETAS""","1 UNIDAD","La melena de le├│n en polvo de Somos Setas es un suplemento natural elaborado a partir de este hongo adapt├│geno, tradicionalmente utilizado por sus beneficios sobre la funci├│n cognitiva. Se destaca por su capacidad de contribuir a la concentraci├│n, la memoria y el equilibrio del sistema nervioso. Se incorpora f├ícilmente en bebidas o preparaciones, permitiendo un consumo pr├íctico y vers├ítil.","","https://drive.google.com/file/d/1RrcSsIYVaIGrEn7wKF7tzRtpZttQELT5/view","","1212","­ƒƒó ok","1"
"COLA DE PAVO EXTRACTO 60 cc ""SOMOS SETAS""","1 UNIDAD","El extracto de Cola de Pavo (Trametes versicolor) de la marca Somos Setas es un suplemento natural dise├▒ado para fortalecer las defensas y mejorar la salud digestiva.","","https://drive.google.com/file/d/1GMllD3PXfeRi-_WC9AxuzhWZ7-zN54iC/view","","1213","­ƒƒó ok","1"
"FRAMBUESAS CONGELADAS X KG","1 UNIDAD","┬íLas frambuesas congeladas son un ingrediente incre├¡blemente vers├ítil! Conservan casi todos sus nutrientes y son perfectas porque no se echan a perder tan r├ípido como las frescas.","","https://drive.google.com/file/d/1PBBIHI6f7ZLYv9ECmE_z5Sq92vhxLAZ8/view","","1214","­ƒƒó ok","0"
"PASTA ACEITUNAS CONDIM. 200 g","1 UNIDAD","","","https://drive.google.com/file/d/1h_f6asuZmmhb9c3wYnJsfKAUQKcM7As9/view","","1215","­ƒöÁ falta descripci├│n","3"
"RHODIOLA ROSEA POLVO ""SOMOS SETAS""","1 UNIDAD","","","https://drive.google.com/file/d/1VRYrNbPujP71yreO704KY7H06GaKnO-8/view","","1216","­ƒöÁ falta descripci├│n","1"
"MERMELADA MQA ZANAHORIA/NARANJA X310GR","1 UNIDAD","La mermelada de zanahoria y naranja MQA combina dulzor y acidez en un perfil original. La zanahoria aporta suavidad y la naranja un toque c├¡trico fresco. Es una opci├│n diferente para variar sabores en desayunos o reposter├¡a.","","https://drive.google.com/file/d/1got4Ma1xpSNperiiDL_JS6wBBx2cdluy/view","","1217","­ƒƒó ok","4"
"MOSTAZA CON MIEL ORGANICA 190gr","1 UNIDAD","","","","","1220","🟢 ok","0"
"MOSTAZA DIJON 170gr","1 UNIDAD","","","","","1221","🟢 ok","0"
"MAITAKE ""SOMOS SETAS"" X60cap","1 UNIDAD","","","","","1222","­ƒƒí falta imagen","1"
"RHODIOLA X60 CAPSULAS ""SOMOS SETAS""","1 UNIDAD","","","https://drive.google.com/file/d/1q6skpqmawMY2kVSB97YQ38vtfBYGyLzy/view","","1223","­ƒöÁ falta descripci├│n","0"
"RHODIOLA ROSEA EXTRACTO X60cc ""SOMOS SETAS""","1 UNIDAD","","","https://drive.google.com/file/d/1sBFPCX1B_a44uPQaiR_mhA1e17j3jVg9/view","","1224","­ƒöÁ falta descripci├│n","1"
"VITAMINA K2 + D3 X 50 cápsulas ""NATIER""","1 UNIDAD","","","","","1225","🟢 ok","0"
"POTASIO+MAGNESIO 30cap ""El Naturalista""","1 UNIDAD","","","https://drive.google.com/file/d/1Iv5tdvKwOpKO6Rzz6TxKc_DMQcNaZe5y/view","","1226","­ƒöÁ falta descripci├│n","13"
"CITRATO DE MAGNESIO  XKG","1 UNIDAD","","","","","1227","🟢 ok","2"
"BARRA MUECA PROTEICA","1 UNIDAD","Las barras Mueca son una opci├│n popular en el mercado de snacks saludables, especialmente en Argentina. Se destacan por ser productos con ingredientes naturales y etiquetas ""limpias"".","","https://drive.google.com/file/d/1nXMBYKQO0h5oN3_D5PytHf4LYrQGF8iM/view","","1228","­ƒƒó ok","33"
"ELECTROLITOS ""SUMA"" - Sobre x 9 g","1 UNIDAD","Suma es una marca de suplementos de electrolitos en polvo dise├▒ada para una hidrataci├│n funcional sin az├║cares a├▒adidos. Se destaca por utilizar ingredientes naturales y ser apta para dietas cetog├®nicas (Keto) y ayuno intermitente, ya que no contiene calor├¡as que interrumpan estos procesos.","","https://drive.google.com/file/d/1CTTGswDvkDdWLH567iCCQeiYp6XyFoUY/view","","1229","­ƒƒó ok","8"
"PITA CHIPS DE MASA MADRE - ALMADRE","1 UNIDAD","","","https://drive.google.com/file/d/1q6Qj1vfrxUKkbteBFAUyAX42s3ih5-28/view","","1230","­ƒöÁ falta descripci├│n","0"
"CHIPS DE PAPAS ""SIN TACC"" - BOUTIQUE CHIPS","1 UNIDAD","Las papas Boutique Chips son una de las opciones m├ís populares en el mercado de snacks saludables y artesanales.","","https://drive.google.com/file/d/1oyLAu56tApYKgNFGm2h58eYfvP34Kujj/view","","1231","­ƒƒó ok","5"
"CHIPS DE BATATA ""SIN TACC"" - BOUTIQUE CHIPS","1 UNIDAD","Las Chips de Batata Boutique Chips son una opci├│n de snack gourmet argentina dise├▒ada para quienes buscan alternativas naturales y aptas para cel├¡acos. Se destacan por su textura crujiente y su elaboraci├│n artesanal con ingredientes m├¡nimos.","","https://drive.google.com/file/d/1fPcn3OGtjydPCFO2ROIav_VHPeR6bD0J/view","","1232","­ƒƒó ok","4"
"MANTECA CLARIFICADA GHEE X 150 g - COW'S PURE","1 UNIDAD","El ghee CowÔÇÖs Pure es manteca clarificada de alta pureza, apta para dietas sin lactosa. Se destaca por su estabilidad al calor y su sabor suave. Es ideal para cocinar, saltear o untar.","","https://drive.google.com/file/d/1kFLX7dHd_D-WXBze7oYh-3uuso6egfgs/view","","1233","­ƒƒó ok","5"
"PREMEZCLA SIN TACC UNIVERSAL PANADERIA REPOSTERÍA Y PASTAS X 500 g - DELICEL","1 UNIDAD","","","https://drive.google.com/file/d/1FyEjdpCkc_12y4q9K25VfLFcf66lyqbH/view","","1234","­ƒöÁ falta descripci├│n","9"
"ACEITE PURO DE ARNICA X50cc","1 UNIDAD","El Aceite Puro de ├ürnica de El Naturalista es un producto de fitoterapia utilizado principalmente para el alivio de dolores musculares y articulares. Se destaca por ser un extracto 100% natural que aprovecha las propiedades antiinflamatorias y analg├®sicas de la flor de Arnica montana.","","https://drive.google.com/file/d/1HFCaYgpwpKVnBhVOXTIuLR69SUA3EzXj/view","","1237","­ƒƒó ok","2"
"TREMELLA EN CAPSULAS ""SOMOS SETAS""","1 UNIDAD","","","https://drive.google.com/file/d/1k2fflgGXTI322ehhgVhyOHrFvZHafkPJ/view","","1238","­ƒöÁ falta descripci├│n","1"
"PRENSA FRANCESA 350ml","1 UNIDAD","","","","","1239","­ƒƒí falta imagen","0"
"PRENSA FRANCESA 600ml","1 UNIDAD","","","https://drive.google.com/file/d/1XrJMbg75DlHzSUwG4ekIKpIa4i-U5oqB/view","","1240","­ƒöÁ falta descripci├│n","5"
"BARRA CHOCOLATE MAPRICUBER xKg","250G/500G/1KG","El Chocolate Mapricuber es una marca profesional de la empresa Arcor dise├▒ada espec├¡ficamente para la reposter├¡a y el moldeo artesanal. Se destaca por ser un ba├▒o de reposter├¡a de uso directo, lo que significa que no requiere templado (atado o atemperado) para obtener un acabado brillante y firme.","","https://drive.google.com/file/d/1aLfrFpfrLtZr2OHYqMYXUB_JiCQEqg5L/view","","1241","­ƒƒó ok","0"
"NUEZ DE BRASIL XKG","1 UNIDAD","","","","","1244","🟢 ok","1"
"ACEITERO SPRAY X 100 ML","1 UNIDAD","El aceitero spray es una de las herramientas m├ís populares en la cocina moderna para quienes buscan reducir calor├¡as y optimizar el uso de sus ingredientes. Su dise├▒o permite convertir l├¡quidos viscosos, como el aceite de oliva, en una niebla fina y uniforme.","","https://drive.google.com/file/d/14hUmwVfVltOyHhOTEDnkOnzCx3muWmZK/view","","1245","­ƒƒó ok","1"
"SALSA INGLESA x180cc","1 UNIDAD","","","https://drive.google.com/file/d/1MzTytsrBpb7g-pTnAQPzS9EvnSzmI_5k/view","","1246","­ƒöÁ falta descripci├│n","2"
"PROPOLEO PLUS+CURCUMA,JENGIBRE Y TOMILLO 250ml","1 UNIDAD","","","https://drive.google.com/file/d/1ddHFesG2wDHj31zwqEEC2XouEKTGRBEr/view","","1247","­ƒöÁ falta descripci├│n","2"
"MAGNESIO EN POLVO NATIER X150g","1 UNIDAD","","","","","1248","🟢 ok","2"
"NMN nicotinamida mononucleotido","1 UNIDAD","","","","","1249","🟢 ok","1"
"SHITAKE X 60 CAPS. SOMOS SETAS","1 UNIDAD","","","","","1250","­ƒƒí falta imagen","0"
"COLA DE PAVO x 60 CAPS SOMOS SETA","1 UNIDAD","","","","","1251","­ƒƒí falta imagen","0"
"MAIZ PSINGALLO","250G/500G/1KG","","","https://drive.google.com/file/d/1SUtjp1fEDZ2JDJH51o3eL4O0vGdUsF4l/view","","1252","­ƒöÁ falta descripci├│n","1"
"SALVIA OFICINAL","100G/250G/1KG","","","https://drive.google.com/file/d/1RBHeg34x3pVw-4zJ2hDS3NssPDfNWUR2/view","","1253","­ƒöÁ falta descripci├│n","0"
"CAFE VERDE X30 COMPRIMIDOS ""EL NATURALISTA""","1 UNIDAD","","","https://drive.google.com/file/d/1s_HQee3Ct7AVUZNXKhc64AwL58l6b-XF/view","","1254","­ƒöÁ falta descripci├│n","6"
"FLEBOTONICO X30 COMPRIMIDOS ""EL NATURALISTA""","1 UNIDAD","","","https://drive.google.com/file/d/1F1_9MVWjAbpyX4QiKIyFh1Foh4qXMUqQ/view","","1255","­ƒöÁ falta descripci├│n","3"
"COLAGENO X 10 COMPRIMIDOS ""EL NATURALISTA""","1 UNIDAD","","","https://drive.google.com/file/d/1C0E3hELnOh-_qWk8PBY77hyIHeIwXEV6/view","","1256","­ƒöÁ falta descripci├│n","6"
"VITAMINA C X 60 COMPRIMIDOS ""EL NATURALISTA""","1 UNIDAD","","","https://drive.google.com/file/d/1NrBm8NMhPYTr-Hb6q8Ve-oEMxPBUb5dr/view","","1257","­ƒöÁ falta descripci├│n","1"
"AVENA BIO SIN GLUTEN 500gr","1 UNIDAD","","","https://drive.google.com/file/d/1VVBGz9tYtvkFt5YfsrR-NhdWsaAiHHIv/view","","1258","­ƒöÁ falta descripci├│n","5"
"DULCE DE MEMBRILLO PIZARRO 454gr","1 UNIDAD","","","https://drive.google.com/file/d/1WB9x4IEIWsAQbMrV0NyGvq16COsM_jG_/view","","1259","­ƒöÁ falta descripci├│n","1"
"DULCE BATATA SIN AZUCAR ORIETA 400GR","1 UNIDAD","","","https://drive.google.com/file/d/1RbjjqLrmtLjhpbsYusDczai4yf-tlhRp/view","","1260","­ƒöÁ falta descripci├│n","3"
"DULCE MEMBRILLO SIN AZUCAR ORIETA 400gr","1 UNIDAD","","","https://drive.google.com/file/d/1-mbyeZy5o_WZhUb5i9Kc0CI6fhlPYsza/view","","1261","­ƒöÁ falta descripci├│n","3"
"ALFAJOR SIN AZUCAR ""BANDA""","1 UNIDAD","","","","","1262","­ƒƒí falta imagen","0"
"VELA EN LATA MANDALA CHICA","1 UNIDAD","","","","","1263","🟢 ok","4"
"CHIPA X480 GR - AFG","1 UNIDAD","","","","","1264","🟢 ok","0"
