"Articulo","Nombre","Bulto","Sabores","Imagen","Stock"
"2","ACEITE DE OLIVA X 5 L R.V.","1","","https://drive.google.com/file/d/1H-W9VwJb8KVjAgM_o7EnQJyaFeN4CGi0/view","0"
"3","ACEITE DE OLIVA X 3 L R.V.","","","","1"
"4","ACEITE DE OLIVA X  500 CC R.V.","","","","8"
"5","ACEITE DE OLIVA X  900 CC R.V.","","","","9"
"6","ACEITE DE OLIVA  PANNOCCHIA X1L","","","","0"
"7","ACEITE DE OLIVA  X1 L VID. LAUR","","","","8"
"8","ACEITE DE OLIVA  PANNOCCHIA X 500ML","","","","0"
"9","ACEITE DE OLIVA  PANNOCCHIA X5L","","","","0"
"16","ACETO BALSAMICO 500 CC PET ""CRISTO DE LOS CERROS""","6","","https://drive.google.com/file/d/1YMehG75RBjLkKehMnf65VxkCnno2rTOm/view","0"
"17","ACETO REDUCCIÓN X 500 CC ""RECETAS DE ENTONCES""","6","","https://drive.google.com/file/d/13zdwuvH1ANO2E6Ss6MTYIUFnMCaD7t4O/view","5"
"18","VINAGRE DE ALCOHOL X 1 L","","","https://drive.google.com/file/d/1ptZ3fLsM7tCWMSAydBBK--WkVZ2mdals/view","3"
"19","VINAGRE DE MANZANA X 1 L","","","https://drive.google.com/file/d/1Fs4XLnu7JdWHpLsF-6X7zhnfFyVAQp1s/view","2"
"20","VINAGRE DE VINO X 1 L","","","https://drive.google.com/file/d/1yHwikOO8DfT2iRsVUjIG1jg68yrIPabq/view","0"
"23","ACEITUNAS GRIEGAS X 1 KG","4","","","7"
"24","ACEITUNAS GRIEGAS X 1/2 KG","6","","https://drive.google.com/file/d/16Yw8SvRLXB2M439BnKEK40CIRBBSqata/view","3"
"33","ACEITUNAS RELL. X 200 GR","6","","","7"
"38","ACEITUNAS VERDES X 1 KG Nº 00","","","","1"
"39","ACEITUNAS VERDES X 1 KG Nº0","","","","2"
"40","ACEITUNAS VERDES X 1 KG Nº1","","","","2"
"44","ACEITUNAS VERDES X 1/2 KG Nº 00","","","","1"
"45","ACEITUNAS VERDES X 1/2 KG Nº 1","","","","2"
"46","ACEITUNAS VERDES X 1/2 KG Nº0","","","","3"
"52","BARRA PROTEICA  ""INTEGRA""","","","","0"
"55","FIDEOS DE ARROZ VERDURA ""PARTY BECK"" X280GR","","","","0"
"56","ARROZ INTEGRAL X KG.","","","","0"
"57","ARROZ YAMANI X KG.","","","","4"
"58","CUSCUS X KG","","","","3"
"59","GARBANZOS X KG","","","https://drive.google.com/file/d/1XKJbeUo9SjbACD4dtqJQmF4u5To__P37/view","2"
"60","LENTEJAS TURCAS X KG","","","https://drive.google.com/file/d/1escUDrEOQkorLP0I549-_qqKqBoCIYTV/view","6"
"61","LENTEJAS X KG.","","","https://drive.google.com/file/d/1slNFYnthbX_QkulAuG9pmsMKgmUGQ2bz/view","5"
"63","MAIZ BCO PISADO PARTIDO X KG","","","https://drive.google.com/file/d/1pE5WXu00PeFxhEhew2Is44kYfaqxQFNt/view","7"
"65","POROTO ALUBIA KG","","","https://drive.google.com/file/d/1I_F4e8zp0POt39Pd8VwSsuvbbykETqGh/view","0"
"66","POROTO COLORADO X KG.","","","https://drive.google.com/file/d/15OvvAj21joCbNLGkftgCNhSPaUNr220O/view","2"
"67","POROTO MANTECA X KG.","","","https://drive.google.com/file/d/1DOaTcIHDAnzRceH8hNaiC__obEZ0FIpk/view","0"
"68","POROTO MUNG X KG","","","https://drive.google.com/file/d/1qQ9AnZelzZYUf4oa9RO8rqrWZ0l0a-Zu/view","2"
"69","POROTO NEGRO X KG.","","","https://drive.google.com/file/d/1icVRyx_qdajfilS1zIseAyhcHp8l1J2N/view","6"
"70","POROTOS DE SOJA X KG","","","https://drive.google.com/file/d/1WSc31MWHh-HRvIhrvNhmmhAfTnd15B7E/view","4"
"71","POROTOS PALLARES X KG","","","https://drive.google.com/file/d/1A6IvTffQGWkXbA_df1BjG6PU1xfYzbtP/view","3"
"72","TRIGO BURGOL X KG","","","https://drive.google.com/file/d/1bcYWDQeqjGLrFWmRftGMapjTeuJ89R0m/view","4"
"75","AZUCAR IMPALPABLE X KG.","","","","4"
"76","AZUCAR MASCABO X KG","","","https://drive.google.com/file/d/10WsWJ94Z3AzM3O5DXfjBiWYjoFBCgCk6/view","4"
"77","AZUCAR NEGRA X KG.","","","","1"
"78","CACAO AMARGO DE BRASIL X KG.","","","","0"
"79","CASCARILLA DE CACAO X KG.","","","https://drive.google.com/file/d/15FzyEn5HGuv699E9UBWoUIJT_oI7QHZ3/view","4"
"80","COCO EN ESCAMAS X KG","","","","2"
"81","COCO RALLADO X KG.","","","","0"
"83","ESENCIA ARTIFICIAL DE VAINILLA X 100 CC ""INDIAS""","","","","7"
"84","LEVADURA DE CERVEZA NUTRICIONAL X KG","","","","0"
"85","MANTEQUILLA DE MANI ""ENTRENUTS"" X 370 g","12","","https://drive.google.com/file/d/1qZh_OzE6KEBPY-1IeONmJnUF5PksSrSg/view","2"
"86","POLVO PARA HORNEAR X 50 GR","","","","0"
"94","JUGO DE ARANDANOS X 1,5 LTS.","","CON STEVIA/CON SUCRALOSA/CON SEMILLAS DE CHIA","https://drive.google.com/file/d/1EXfxe04nERNmj0f-T0n6JU8W6es32oUv/view","7"
"99","LECHE DE ALMENDRAS X 1 L","","","","5"
"105","LECHE DE COCO EN POLVO X KG","","","https://drive.google.com/file/d/1avRNwF5Bzk5yg3i5ZHPG-BwUMo3bhjUb/view","4"
"107","CARAMELOS  X  UNIDAD","","","","0"
"113","ALMOHADITAS 2 SALVADO X KG.","","","","3"
"114","ALMOHADITAS CHOCOLATE X KG.","","","","5"
"116","ALMOHADITAS FRUTILLA X KG.","","","","0"
"117","ALMOHADITAS LIMON X KG.","","","","4"
"118","ANILLOS DE AVENA Y MIEL X KG.","","","","1"
"119","ANILLOS FRUTADOS X KG.","","","","3"
"120","AVENA ARROLLADA GRUESA X KG","","","https://drive.google.com/file/d/1Y6Do4jttfSx_kCoknumMYRFQ8oP-lEw2/view","3"
"121","AVENA INSTANTÁNEA  X KG","","","","0"
"122","AVENA TRADICIONAL X KG.","","","","3"
"123","BASTONCITO SALVADO TRIGO Y AVENA X KG.","","","","1"
"124","BOLITAS DE CHOCOLATE X KG.","","","","2"
"125","COPOS DE MAIZ C/AZUCAR X KG","","","","2"
"126","COPOS DE MAIZ X KG.","","","","2"
"127","GRANOLA MIX BERRIES X KG","","","https://drive.google.com/file/d/1y2j0FAvDW0Yp3411EB6rCjfiYk1JVbpg/view","2"
"128","GRANOLA MIX ENERGET X KG","","","https://drive.google.com/file/d/1xZkK9rKGEu0Ih7cijzQIeR-hMUPK1nW5/view","5"
"129","GRANOLA MIX TROPICAL X KG","","","https://drive.google.com/file/d/1vDPGng1Bx-pfymsbqZquQ8o3DuurzGou/view","3"
"130","GRANOLA CON MIEL X KG","","","","15"
"131","QUINOA INFLADA X KG.","","","https://drive.google.com/file/d/1qMBmu67kSyesq1C7FxsBaowJl7dUlj1m/view","0"
"132","TUTUCAS CON AZUCAR X KG","","","https://drive.google.com/file/d/1hF12REdli5qnypdctorBmKVdPaKIP08A/view","5"
"133","TUTUCAS SIN AZUCAR X KG","","","","3"
"134","ARANDANOS CONGELADOS X KG","","","","0"
"136","CHOCOLATE 80%  COBERTURA SEMIAMARGO x kg - COLONIAL","","","","5"
"137","PIÑA CONGELADA X KG","","","","3"
"152","ARANDANOS DESHIDRATADOS X KG","","","","10"
"155","CHIPS DE BANANA X KG","","","","3"
"156","CIRUELA PRESIDENTE X KG.","","","https://drive.google.com/file/d/1Tedikm7hqYFZZGrkfGX1KRlF2b1ETX8r/view","0"
"157","CIRUELAS D`AGEN C/CAROZO X KG","","","","0"
"158","CIRUELAS TIERNIZADAS S/C X KG","","","","12"
"160","DATILES DE EGIPTO C/C X KG","","","https://drive.google.com/file/d/1ggYi4CGKjZ9XCLcLwiXQoKgRtp-IhCP9/view","6"
"162","HIGOS TIERNIZADOS X KG","","","https://drive.google.com/file/d/1Q9lPGXaeVdr2bRx8us-T_J2OFgI9XW54/view","4"
"165","MEDALLONES DURAZ.  X KG","","","https://drive.google.com/file/d/1MwU_DIjxJKxV2ruB339EY2Ft0EsuzXvR/view","3"
"166","PASAS MOROCHA JUMBO  X KG","","","","16"
"167","PASAS RUBIA SIN SLLA X KG","","","https://drive.google.com/file/d/1NechloJwourKBTRFWmgNSqLXsMQsz0n6/view","10"
"168","PERAS WILLIAMS X KG","","","https://drive.google.com/file/d/1G2SEtD_Q1ayam3utq_qterHqoY4_g2kP/view","6"
"172","RODAJAS NARANJA DESHIDR X 1 KG","","","","0"
"175","TOMATE SECOS X KG","","","https://drive.google.com/file/d/10_jDExoNlrLxBgITNPWTHv_6tajstWsy/view","7"
"176","DULCE DE ALCAYOTA X 500 GR","","","","4"
"182","SALES DE BAÑO","","","","0"
"188","HIGOS EN ALMIBAR  X 450 GR","","","https://drive.google.com/file/d/1PQQftkdPVjy3Cjj_EcSJpyF1jUgeZOuf/view","6"
"191","DULCE DE MEMBRILLO X 500 GR","","","","0"
"192","DULCE DE MEMBRILLO X 1 KG","","","","3"
"205","MIEL DE ABEJA X 1 kg ""MONTE NATURAL"" - JALEA","","","https://drive.google.com/file/d/1JKsD3XI9xhwpUuvuZRI5zMUyEeqBqd7X/view","1"
"206","MIEL DE ABEJA X 250 g ""MONTE NATURAL"" - JALEA","","","https://drive.google.com/file/d/1vcqMzMskV0cok-aTNgkYaP_za2vdYYga/view","13"
"207","MIEL DE ABEJA X 500 g ""MONTE NATURAL"" - JALEA","","","https://drive.google.com/file/d/1InBwP0KdXp-jGKcN5fnd9K5wvxGwvqUJ/view","14"
"215","AJIES DULCES X 110 GR","","","","2"
"217","AJIES PICANTES X 110 GR","","","https://drive.google.com/file/d/16EgW37ix5K7e9cAcJs4g-B6l0MwS3s6B/view","4"
"218","ALCAPARRAS X 100 GR","","","","3"
"219","CHUCRUT X 600 GR","","","","6"
"221","CORAZON DE  ALCAUCIL CONDIM X 330 GR","","","https://drive.google.com/file/d/1HArqd4wBBDbVAY4JGqOylHRqlV5Di-LA/view","0"
"223","BERENJENAS CONDIM.X 200 GR","","","","2"
"226","CORAZONES DE ALCAUCIL X 300 GR","","","","6"
"227","PEPINILLOS EN VIN. X 200 GR","","","https://drive.google.com/file/d/1nEelTmFJZrjqSq7p0EwbED2HusfWFMnl/view","3"
"230","PEPINOS AGRID X 200 GR","","","https://drive.google.com/file/d/1rbWPIrlmT8AXr8b8D_p3U6D4vzMWtX9m/view","0"
"235","PICKLES MIXTOS X 200 GR","","","https://drive.google.com/file/d/107SDn-Azkil7saO8rw2P0EiAUr0waCpP/view","8"
"237","PIMIENTOS ENTEROS X 200 GR","","","https://drive.google.com/file/d/1BhHbSJOybTW6hq41WT8IyXBoPsd2Bo5f/view","4"
"239","POROTOS CONDIM X 200 GR","","","https://drive.google.com/file/d/1Rx-J6sU7eIk04R6Pbgus1eLIXr1qXILw/view","2"
"242","ADOBO PARA PIZZA X KG.","5","","","0"
"243","NUEZ MOSCADA ENTERA X KG","","","https://drive.google.com/file/d/1cnsk6mLfHOJqVApd28MQT1AKNt0PRNOW/view","0"
"244","AJI MOLIDO FINO X KG.","10","","","2"
"245","AJO EN POLVO","","","https://drive.google.com/file/d/16oa97VYpy0-t9tRPDhLj5dI78OX1A1YY/view","4"
"246","AJO GRANULADO X KG.","","","https://drive.google.com/file/d/1i3FghkKESJrJw0LAOewl9xLoOI4Owp-a/view","0"
"247","ALBAHACA EN HOJAS X KG","","","","1"
"248","ANIS EN GRANO X KG.","","","","0"
"249","ANIS ESTRELLADO X KG.","","","","2"
"250","AZAFRAN ESPAÑOL X CAPSULA.","","","","1"
"251","CANELA EN RAMA X KG","","","https://drive.google.com/file/d/1yLOgWp7aQmQ6Gfv4Zo-XRDknTZoLqrhi/view","1"
"252","CANELA MOLIDA X KG.","","","https://drive.google.com/file/d/1WXIYjf82ASvUYhrC3r924VmhPWNc9i3-/view","3"
"253","CARDAMOMO X KG.","","","","0"
"254","CEBOLLA EN ESCAMAS X KG.","","","https://drive.google.com/file/d/1vASYt2UrVhhl1AA7fXeWlWxGUz7_qosQ/view","0"
"256","CHIMICHURRI X KG.","","","","0"
"257","CLAVO DE OLOR ENTERO X KG.","","","","1"
"258","COMINO MOLIDO X KG.","","","","0"
"262","CONDIMENTO PARA ARROZ X KG","","","https://drive.google.com/file/d/1mV89rz9BTpeWR_BspWModpBzXtGtq6VP/view","0"
"263","PESTO X KG","","","https://drive.google.com/file/d/1LJ1PlblZ5K8uEGN6YVmTJeQ0_-Osu_Xi/view","0"
"264","CORIANDRO ENTERO X KG.","","","","0"
"265","CORIANDRO MOLIDO","","","","0"
"266","CURCUMA MOLIDA X KG","","","https://drive.google.com/file/d/1GPRzBVDuypLKSEti6GOGlVC9JwMRyT_s/view","2"
"267","CURRY X KG","","","","1"
"268","BICARBONATO DE SODIO X 50 GR","","","","0"
"269","MIX  4 PIMIENTAS","","","https://drive.google.com/file/d/1DVNqaSTba29hzHds0u5V_yPPvgetHbOP/view","1"
"270","SAL MARINA FINA X 500 GR.","","","https://drive.google.com/file/d/1JW_l3VBVspy2lhVkPC9xuo1uDcrTRCEI/view","5"
"271","FINAS HIERBAS X KG.","","","https://drive.google.com/file/d/1juMC_2Ac-qnLQfZCOIBapMnxOREGzAk2/view","0"
"272","NUEZ MOSCADA MOLIDA X KG.","","","https://drive.google.com/file/d/1eUcDhT0z9fB8vtXkXh15nPzu2iBvpF4W/view","0"
"273","GELATINA SIN SABOR X KG","","","https://drive.google.com/file/d/1UQVEGcK8u84nFucxoQlFkI3gJjVppxfu/view","4"
"274","SAL MARINA GRUESA X 500 GR","","","https://drive.google.com/file/d/13lLlZwl1jv7l5nCO7mFIrtPptQB-uJGa/view","7"
"275","HONGOS SECOS X KG","","","https://drive.google.com/file/d/12GNbZT09bgyQDMhq775VmHtpqU8_9ued/view","0"
"277","JENGIBRE  MOLIDO X KG.","","","https://drive.google.com/file/d/1v1r7FzJRkSlfaUHaVJBqvOWLnvUImi5F/view","1"
"278","JULIANA SIN PAPA X KG","","","https://drive.google.com/file/d/11NW2sPd4I0-ZMrrUlZ-2vl-VrrgavtUV/view","0"
"279","LAUREL EN HOJAS X KG.","","","https://drive.google.com/file/d/19bwGgV6YoezMrNPaHJmyQgY2jXW8cmER/view","0"
"280","MACA EN POLVO X KG.","","","https://drive.google.com/file/d/1z6dH_ZbRJYvrqG5pUgHPU6wk-Jwz4J3B/view","1"
"282","MOSTAZA EN GRANOS X KG","","","https://drive.google.com/file/d/12NL4LoDCzWXURU_f8oZYlHl4KxK3nRIv/view","3"
"285","OREGANO  KG.","","","https://drive.google.com/file/d/1yMf1m6G2q8Frzabb5BW8NKtODUA8obGd/view","2"
"286","PEREJIL EN HOJAS X KG.","","","https://drive.google.com/file/d/1OeCEZFYqtxbq7SqE5DRfA2rSgTYv7CKG/view","1"
"287","PIMENTON AHUMADO X KG","","","https://drive.google.com/file/d/1g4iUJlyTNJDMWuReSIz7Zj1rFsvzBQHT/view","3"
"288","PIMENTON EXTRA X KG","","","https://drive.google.com/file/d/1lt0m49r-BrAum_Getg5jMBEsT0qczVoB/view","4"
"289","PIMENTÓN PICANTE X KG","","","https://drive.google.com/file/d/1BN3SVwCyqDoexQPUthY_HdZHyE77FoKq/view","0"
"290","PIMIENTA BCA  EN GRANO X KG","","","https://drive.google.com/file/d/1T9Zn-xWhkudQKANj5snd4wP1DuH4YV6Z/view","1"
"292","PIMIENTA BCA MOLIDA X KG","","","https://drive.google.com/file/d/1wkGfk3jIyIrwEE48vXAgvrg1Il2WZ1Fx/view","0"
"293","PIMIENTA CAYENA MOLIDA X KG.","","","https://drive.google.com/file/d/13TPC5vKbG93xfKC4XxPSvxTCn8sPwvuu/view","0"
"294","PIMIENTA NEGRA EN GRANO X KG.","","","https://drive.google.com/file/d/1tPjQrMloQfj3JjOhMasP_dlixSDPQjEJ/view","2"
"295","PIMIENTA NEGRA MOLIDA X KG","","","https://drive.google.com/file/d/1hi7X5XMAir413dFUdW75r2zVda2Gq8O8/view","3"
"297","PROVENZAL X KG.","","","https://drive.google.com/file/d/17w5cGRIkWOcIpmnEdmKbSDOrHGxvfLGp/view","0"
"298","ROMERO EN HOJAS X KG.","","","https://drive.google.com/file/d/1vWdRDWMaE8T2WSpKKShPlQdpYaPO0cWU/view","0"
"299","SAL DEL HIMALAYA FINA X 1 KG","","","https://drive.google.com/file/d/1U5PFIgWHbY67ysXa_lu9whBjqAT9YNRE/view","10"
"300","SAL DEL HIMALAYA GRUESA X KG.","","","https://drive.google.com/file/d/1vsKmt8U8fR6oF5KFcBFk_AxxLbc_ePAK/view","3"
"302","TOMILLO X KG","","","https://drive.google.com/file/d/1a0m5cEXMmOz7pkmjj4Gyw95hUopWYwxt/view","0"
"309","ZAPALLO EN ALMIBAR X 360GR","","","","3"
"313","HARINA DE MAIZ BLANCO","","","","0"
"314","TOSTADITAS DE ARROZ DELICEL ""SIN TACC""","","","","0"
"317","ALMENDRA PARTIDA X KG","","","","8"
"318","ALMENDRA NONPAREIL  X KG","10","","https://drive.google.com/file/d/16PznJURYBrA658AwGfRM2tXNLzkz196Y/view","1"
"322","AVELLANAS SIN CASCARA X KG","","","https://drive.google.com/file/d/1aJSoUs-mQkVvjAII9QM7n73cIpDNFwmr/view","4"
"323","CASTAÑAS CAJÚ VIETNAM  X KG","","","","8"
"324","MANI C/CASCARA X KG","","","https://drive.google.com/file/d/11SXWudmCqa7TyAEUmhGj5wsAn-YIdBom/view","3"
"327","MIX PATAGONICO X KG","","","https://drive.google.com/file/d/15FkU9Z-6lQxlQEVG2LpSA6SAIQ6JsNjA/view","16"
"328","MIX TRADICIONAL X KG","","","https://drive.google.com/file/d/1-roSiofiHxkMmDM-Bd_K_DBgWcXC8Ge0/view","7"
"329","MIX TROPICAL X KG.","","","https://drive.google.com/file/d/1GoCWwa9uCvBeTnZeY6KA0pYRGoSCytkb/view","9"
"331","NUEZ CUARTILLO X KG","10","","https://drive.google.com/file/d/14S3MSYxxh2QTPkE9oteOswe1cHG7X6Dl/view","14"
"338","NUEZ CUARTOS X KG","","","","21"
"340","NUEZ MARIPOSA LIGHT X KG","10","","https://drive.google.com/file/d/1rjXARkriZMbrdSDNvJ7iOKfGBHxI-Pki/view","7"
"342","PISTACHOS CON CÁSCARA X KG","","","","6"
"348","FRUTA ESCURRIDA X KG","","","https://drive.google.com/file/d/1Q6aYP2IupHjGyGW62HuK0yczmhzAQgvn/view","3"
"351","JENGIBRE GLASEADO X KG","","","https://drive.google.com/file/d/1f8nx3YkZ3XqTBJOr7RbUnkiIuX8F9dFw/view","0"
"357","ALMIDON DE MAIZ X KG","10","","","0"
"358","FECULA DE MANDIOCA X KG","","","https://drive.google.com/file/d/1Wah3NjiqyA-U8PlvyFd3LDYdIsFHdkbS/view","8"
"359","GERMEN DE TRIGO NATURAL X KG.","","","https://drive.google.com/file/d/1oMEhZdsXYUDtcu9zYPz0DDc7lSkGBq68/view","4"
"360","GLUTEN DE TRIGO X KG","","","https://drive.google.com/file/d/1W6BzCdVlZbVdA-vLPnPwztzQX5wefh_w/view","4"
"361","HARINA DE ALGARROBA X KG","","","https://drive.google.com/file/d/1jpPSXX6vdFBPGorCqfdhWOP1bZgoenub/view","2"
"363","HARINA  DE ALMENDRAS S/ PIEL X KG","","","","4"
"364","HARINA DE ARROZ X KG","","","https://drive.google.com/file/d/1Gnmcuy25XM85NbHF3ptKDTIUUxvrb1kw/view","2"
"365","HARINA DE AVENA X KG","","","https://drive.google.com/file/d/156HiZP8rl-2TTpAp6lBpGiIP_O1W6Xti/view","17"
"367","HARINA DE CHIA X KG.","","","https://drive.google.com/file/d/10m_L-7oc55O3wdP8gCKjcemmNCpamRFY/view","5"
"368","HARINA DE COCO X KG","","","https://drive.google.com/file/d/1TUeRvGC1e0qrr2t2lCyAAtGlaooCzRCf/view","6"
"369","HARINA DE GARBANZO X KG","","","https://drive.google.com/file/d/1WE3hZUJpr9AAy8kbArE1T56acjz7Sq73/view","6"
"370","HARINA DE LINO X KG","","","https://drive.google.com/file/d/1COqF5AUobH03trgKdvqXmZzs-WJlSNAZ/view","4"
"372","HARINILLA DE MAIZ","","","","0"
"376","HARINA SOJA DESGR FINA X KG","","","https://drive.google.com/file/d/1cPZxHhR5GxR50Gtfbum3cbEWTSeH3GTV/view","4"
"377","HARINA INTEGRAL FINA X KG.","","","https://drive.google.com/file/d/1ZsaH95aMHYwlxty7pXQAr6PhDqVQwfvV/view","14"
"378","PANKO X KG","","","https://drive.google.com/file/d/1-WEuzI3iwOy7xxSoPW9YCPAbQGl56JKO/view","16"
"380","SALVADO DE AVENA X KG","","","https://drive.google.com/file/d/1gxl-jXMDRe0kmkcuWjjEXXrheLhg9U6B/view","3"
"381","SALVADO DE TRIGO GRUESO X 1 KG","","","","15"
"382","SEMOLIN DE TRIGO X KG","","","https://drive.google.com/file/d/1UtsX5YjWXAu07-Ed6gveeJzohaxkneVS/view","2"
"383","TEXTURIZADO DE SOJA X KG","","","https://drive.google.com/file/d/1D_fGjQywNcrZ896fGjFIfLXKj1JpPWF4/view","3"
"384","BOLDO X KG","","","https://drive.google.com/file/d/1J9BdkXR2a7LzKz2xazGBpa8jwTd5hmcV/view","1"
"385","INFUSOR PARA TE","","","","0"
"386","MANZANILLA FLOR X KG","","","https://drive.google.com/file/d/1QNLQBOe62lw2pV2iskuftZfquII0mtIf/view","0"
"388","TE ROJO X KG","","","https://drive.google.com/file/d/12_ZoGdYCPG1kIPt7Oo0POqHTiytwW_gF/view","0"
"418","CEREZAS AL MARRASCHINO X 170 g ""AGROIANNI""","","","","4"
"422","CEREZAS AL MARRASCHINO X 330 g ""AGROIANNI""","","","https://drive.google.com/file/d/1n-AmN8O6FFR4JPZ7DXpiOGF0SKi6uoZD/view","4"
"428","HUMO NATURAL X 250 ML","","","https://drive.google.com/file/d/1gtp5JtqUjuytfA2y0RkeRxLPoncp4skt/view","0"
"443","PASTA ACEITUNAS NEGRAS X 200 g ""AGROIANNI""","6","","https://drive.google.com/file/d/1buCE3EFB7RkTuMG-ASjK3Nxg3q75DiIM/view","6"
"444","PASTA ACEITUNAS VERDES X 200 g ""AGROIANNI""","6","","https://drive.google.com/file/d/1rBrhMaOTZQDoRZ-mg8FcN1UNx6rqOFb2/view","5"
"445","PASTA DE AJI PICANTE X 90 GR","","","https://drive.google.com/file/d/1ohqcAqI8AL-EC5LjkeUkqDhABoAQveGT/view","2"
"448","PASTA DE AJOS X 200 g ""AGROIANNI""","","","https://drive.google.com/file/d/17Pgy7j7d1imNitgjwygMj7NeBAEpfqty/view","0"
"458","SALSA AJI PICANTE X 180 CC","","","https://drive.google.com/file/d/16NM2mXxE9wmmviLwe2JRjvbOGM1Em8wZ/view","8"
"460","SALSA CESAR 250 GR","","","https://drive.google.com/file/d/1Pq0cJ-1LSi77WGA6LA0oqOj_yIBOcqdy/view","2"
"461","SALSA CHIMICHURRI  X 250 GR","","","","0"
"464","SALSA DE SOJA X 180 CC","","","https://drive.google.com/file/d/1PAn7aEWgCX6yH7pqg9NMjr3VaqWWthZM/view","3"
"467","SALSA JALAPEÑO ROJA X 180 CC","","","","4"
"468","SALSA JALAPEÑO VERDE X 180 CC","","","","0"
"470","SALSA TERIYAKI X 250 CC","","","https://drive.google.com/file/d/1WWLAbPz_UE6xIEQB4dSwtnaR-wwH-cMX/view","4"
"471","TOMATE DESECADOS CONDIMENTADOS X 330 g ""AGROIANNI""","","","","0"
"472","JAZMIN XKG","","","","0"
"487","CARDO MARIANO TINTURA MADRE X 60 CC ""EL NATURALISTA""","","","","0"
"492","LEVADURA TITAN EN COPOS X200GR ""SIN TACC""","","","","1"
"493","YOGHURT DURAZNO X 1 L","","","https://drive.google.com/file/d/1EWWPP7x8SUFJ8yR_tk9QDhRpRKU6och-/view","0"
"494","YOGHURT FRUTILLA X 1 L","","","https://drive.google.com/file/d/1ObMzOZYegrCtbKMYTSyhdT21L46YPUim/view","4"
"495","YOGHURT NATURAL AZUCARADO X 1 L","","","https://drive.google.com/file/d/1tntexNF7KmllWMy6boAcMTkFVN0vC4PC/view","6"
"496","YOGHURT NATURAL SIN AZUCAR X 1 L","","","https://drive.google.com/file/d/1WHsIubNEGfZH0pkrpRAQdc2bGfW-vivv/view","1"
"497","PREMEZCLA P/PANIFI S/ TACC X 1 KG","","","https://drive.google.com/file/d/1AArFpNAsJMiKaioobLq10nd2mYy-HhNU/view","7"
"499","REBOZADOR S/GLUTEN X 500 GR","","","https://drive.google.com/file/d/1yReT-Turkk1tY0nHBeuvtKI0k9MbldWe/view","3"
"502","ENELDO SEMILLAS X KG","","","","0"
"504","MIX 7 SEMILLAS SALUD X KG","","","https://drive.google.com/file/d/1EUOkZXnMkbQMN6QUxP4oRDONirUEzQAz/view","2"
"505","MIX DE SLLAS  ADELGAZ X KG","","","https://drive.google.com/file/d/1nR6et-acgtUJNIb4HAqHRM2u5YafBwoH/view","6"
"506","MIX SLLAS PARA ENSALADA X KG","","","https://drive.google.com/file/d/1lychDVWnIk3kyFMKIbfHgZiWaGbUcAXD/view","1"
"507","QUINOA X KG","","","https://drive.google.com/file/d/1xbAfHO6CojfLyNemnawXyxFYcfRzikWE/view","0"
"508","SEMILLA DE AMAPOLA X KG.","","","https://drive.google.com/file/d/1VmZLiO-xIzIJJcpeVOJx_sRcZJYq5fDQ/view","2"
"509","SEMILLA DE AMARANTO X KG","","","https://drive.google.com/file/d/1JFohlL9RQLyNqujV-it2FAN3OD0FABCz/view","0"
"510","MASTROENI EXTRA BRUT","","","","0"
"511","SEMILLA DE CHIA NAC X KG.","","","https://drive.google.com/file/d/1ME-FslO5MCT0b8zxrAYYO5qBSABwoups/view","23"
"513","SEMILLA DE GIRASOL X KG.","","","https://drive.google.com/file/d/1Y2JjGos7sMWgM_HE8pv4kckC4Gm2IqOf/view","21"
"514","SEMILLA DE LINO X KG","","","https://drive.google.com/file/d/14TN7hReQdbtp9qOxRIZDajh3uQjWgeRa/view","8"
"515","SEMILLA DE ZAPALLO PELADO X KG.","","","https://drive.google.com/file/d/1U5Jqu_LvImJMk1FQxUZXFHfBOJTdhqU3/view","4"
"516","SESAMO BLANCO X KG.","","","https://drive.google.com/file/d/1TJo2uLiPOEgZOATf1wO0JB8z1RnxEHAE/view","4"
"517","SESAMO NEGRO X KG","","","https://drive.google.com/file/d/1Swj7aBCK-fyxBsGtSTDo_lgi458DsdBK/view","10"
"519","GARRAPIÑADA DE MANI X KG","","","","1"
"520","MAIZ FRITO SALADO X KG","","","https://drive.google.com/file/d/1w8K6DYN0lCj_gFSuXDq3dJ_uV1nPv9cf/view","3"
"521","MANI JAPONES","","","https://drive.google.com/file/d/1FDunmm6i6iGRFgxhkqK2B2qQIfSVnSZg/view","6"
"523","MANI TOSTADO SALADO X KG","10","","https://drive.google.com/file/d/1aEl6_09KtMcXJIFFqzh82v3nytZX3UfZ/view","3"
"524","MANI TOSTADO X KG.","10","","https://drive.google.com/file/d/1WjRKtTo5EirWVe7gwDKwjb6O93qfG_J6/view","0"
"525","MIX CERVECERO X KG","","","https://drive.google.com/file/d/1OCCwZkBFZdM5oEWywgt5TXQ1goqX7DwU/view","5"
"528","MIX SALADO X KG","","","https://drive.google.com/file/d/1eZQKbgdKDK9dmVT4r8IdA7CZyNIe_QLq/view","0"
"531","TOMATE TRITURADO X 1 KG","","","","19"
"532","TOMATE TRITURADO X 500 GR","","","","15"
"533","TOMATE CONDIM X 1 KG","","","https://drive.google.com/file/d/16ZKyNcd8si7dN1PdrgmKfPOvPb2wQSG8/view","10"
"554","YOGURT PROTEICO ""YOGURLAC"" X 1L","","","","1"
"555","PETALOS DE ROSA XKG","","","","0"
"560","LAS PERDICES CAB SAUV X 750","","","https://drive.google.com/file/d/1qzciXlfdSuYrO8XqsgqSz7qipQqapWjc/view","0"
"561","MASTROENI CABERNET FRANC X 750 CC","","","","0"
"567","LAS PERDICES EXTRA BRUT CORTO X 750","","","https://drive.google.com/file/d/1r76noGBx3eyq-qnZcZnh50zzeDF00yvA/view","0"
"569","LAS PERDICES PARTRIDGE CHARDONNAY X 750","","","https://drive.google.com/file/d/1ih-YMa_RJ0Um24RGCWyVFfR15ODm_buj/view","0"
"570","LAS PERDICES RESERVA CHARDONNAY X 750","","","https://drive.google.com/file/d/1Jcg_KrV3r9okXxZ2ZiS7DUciNI6Vzk1c/view","0"
"572","MASTROENI ESP DULCE NATURAL X 750 CC","","","https://drive.google.com/file/d/1dal4VjBCSTX90h98Q8iopr2Znu-hTM9_/view","0"
"592","CORDERO CON PIEL DEL LOBO X 750CC","","","","0"
"593","LAS PERDICES MALBEC X 750","","","https://drive.google.com/file/d/113WId9LJXlp8eWEsCZ4KCWnfHxyVzG_2/view","6"
"594","LAS PERDICES PARTRIDGE MALBEC X 750","","","https://drive.google.com/file/d/1lE1YjzQ1PvLSgq1Z2DWHq4didlHmJ9kA/view","0"
"595","LAS PERDICES RESERVA MALBEC X 750","","","https://drive.google.com/file/d/1ME72qUpYIFSpK95o2iIVj_TDprTQHt-n/view","0"
"613","PERRO CALLEJERO MALBEC X 750CC","","","https://drive.google.com/file/d/1z0EoQknV86zlpWkN8iuU-Mk-5TVsYNzv/view","6"
"616","LAS PERDICES SAUVI BLANC X 750","","","https://drive.google.com/file/d/1PsWp9E8Hw6PawSRIE9aLC3hjHWriNi0N/view","6"
"622","LAS PERDICES ALA COLORADA ANCELLOTA X 750","","","https://drive.google.com/file/d/1DxAt8IFnWfkA4Pci_qJ0TNndoaClQgaF/view","0"
"633","VARIOS","","","","201"
"637","ACEITE DE OLIVA  X 500 CC LAUR","6","","","4"
"638","DELANTAL LINO","","","","0"
"640","LAS PERDICES BRUT ROSÉ X750ml","","","","5"
"641","HIBISCUS  FLOR X KG","","","https://drive.google.com/file/d/1uK3AI57jCBvklH2c21huCO0TzIbpimI5/view","1"
"643","TE NEGRO X KG","","","https://drive.google.com/file/d/1dGOBaewCvDdS7hQePJAAS1_3kdO8K0v-/view","1"
"644","NUEZ MARIPOSA EXTRA LIGHT X KG","10","","https://drive.google.com/file/d/167aPKGseonfAupfKO_SlZyXf4KgRZuGN/view","8"
"661","FIDEOS DE ARROZ ""PARTY BECK"" X 280GR","","","","0"
"665","NUEZ CON CASCARA X KG","10","","https://drive.google.com/file/d/1CyU_LATUzon6ngDDu-XQ0RTSmr-E_1nj/view","10"
"669","SALSA SOJA X 1 L","","","","2"
"670","MANI SABORIZADO X KG","","","https://drive.google.com/file/d/1QI0JfVC4Lyj9OaS3TMhuDQEx1ywEHv8M/view","7"
"684","YOGHURT ANANA X 1 L","","","https://drive.google.com/file/d/1L6coloeF1-2zDq4b27zPmCTTVXPtLJVV/view","2"
"690","JENGIBRE EN TROZOS XKG","","","","0"
"691","ALMENDRA GUARA  X KG","","","","5"
"702","ACEITE DE OLIVA   900ML VERDE OLIVA","","","","9"
"703","GALLETAS CACHAFAS ORGANICAS","","","","11"
"705","GRANOLA MIX SIN PASAS X KG","","","https://drive.google.com/file/d/1D16zkgWKPgqaxR0o7lwIlugBBDKoeM1F/view","6"
"706","LA IRIDE ""HUELGA DE AMORES"" X 750ml","","","https://drive.google.com/file/d/1u0-5x1L28ICM2U9tTulVhMn2vhU1MPJg/view","4"
"711","PROSTASANA X 30 COMPR. ""EL NATURALISTA""","","","","8"
"712","MERMELADA MQA X 310","","","","9"
"713","MERMELADA MQA FRUTILLA X 310","","","https://drive.google.com/file/d/1fckmpdYNEhJ_1MMdHuCMvK9G-DyEICLj/view","0"
"716","MAYONESA ""MAYOV"" X 270GR","","","","5"
"719","ACEITE DE OLIVA  3 L VERDE OLIVA","","","","0"
"720","ACEITE DE OLIVA  5 L VERDE OLIVA","","","","1"
"722","GRANOLA TRADICIONAL X KG","","","https://drive.google.com/file/d/1gZTHH73FsNkAfJ0CDc6u7WCmaul_3mF9/view","1"
"723","GRANOLA CON CHOCO X KG","","","https://drive.google.com/file/d/1wt5BnuZzh5Ef8olB_3V36TU-2dfdI8AK/view","2"
"725","FRUTA MULTICOLOR X KG","","","https://drive.google.com/file/d/1sJwlaZCtWN3eJshcjCjwgCc3KBQuK4fT/view","3"
"726","PASAS MOROCHAS SIN SEMILLA X KG","","","https://drive.google.com/file/d/16DnWqgTXff5E0l4ItsA2jI9UNtPPwJjQ/view","4"
"728","NUECES CONFITADAS X 100 g","","","","4"
"729","ALMENDRAS TOSTADA CON ACEITE DE OLIVA Y SAL","","","","0"
"737","MIX CITRICOS","","","","0"
"751","ALMENDRAS CON CHOCO xKG","","","","4"
"752","ARANDANOS CON CHOCO xKG","","","","3"
"753","BARRA CHOCO 70% CON STEVIA x 100 g - COLONIAL","","","","3"
"754","BARRA CHOCO SIN AZUCAR x 100 g - COLONIAL","","","","28"
"756","ACEITERO SPRAY x 200 ml","","","","10"
"757","GOTITAS DE CHOCO SEMIAMARGO X KG","","","","4"
"758","MANI C/CHOCO SEMIAMARGO XKG","","","","0"
"759","PASAS DE UVA C/CHOCO XKG","","","","4"
"760","AVELLANAS CON CHOCO XKG","","","","4"
"761","MOLINILLO CAFE MANUAL","","","","4"
"762","INFUSOR PINZA","","","","6"
"764","BARRA MUECAS X45GR","","","https://drive.google.com/file/d/1j9HvY5wTqfuioP8VKHYDDnwdLHIujPgg/view","6"
"774","YOGHURT C/FRUTAS X 160","","","","5"
"777","ALFAJORES MAICENA SIN TACC X 6 unidades","","","","9"
"781","COLAGENO HIDROLIZADO X KG ""PEPTAN B 2000 LD""","","","","3"
"782","EUCALIPTUS X KG","","","","1"
"783","YERBA DEL PLATERO","","","","1"
"785","TE DE BURRO X KG","","","","0"
"786","SEN FOLICULOS X KG","","","","0"
"787","LAVANDA X KG","","","","0"
"788","CEDRON X KG","","","","0"
"789","MELISA  X KG","","","","0"
"790","MENTA HOJAS X KG","","","","0"
"791","HARINA TRIGO SARRACENO X KG","","","","0"
"793","YERBA MATE DESPALADA KALENA X KG","","","","13"
"794","ALOE VERA JUGO X 250 ML ""NATIER""","","","","2"
"798","PRESTAMO","","","","115"
"799","TE VERDE X KG","","","https://drive.google.com/file/d/1l7WWaMGL6b7nDuwFaqv24_5PQrOKyDmY/view","1"
"800","COLAGENO HIDROLIZADO CAPSULA X 50 CÁPSULAS ""NATIER""","","","","1"
"801","RESVERATROL X 50 CÁPSULAS ""NATIER""","","","","2"
"802","CURCUMA+PIMIENTA X 50 CÁPSULAS ""NATIER""","","","","0"
"803","VINAGRE DE SIDRA DE MANZANA X 50 CÁPSULAS ""NATIER""","","","","3"
"804","VITAMINA C  X 50 CÁPSULAS ""NATIER""","","","","3"
"805","AJO NEGRO X 50 CÁPSULAS ""NATIER""","","","","0"
"807","MAGNESIO X 50 CÁPSULAS ""NATIER""","","","","3"
"808","MEDALLONES VEGETARIANOS ""KISLEV""","","","","11"
"814","SAHUMO LIMPIEZA ENERGENTICA ""SAGRADA MADRE""","","","","3"
"815","SAHUMERIO MOMENTOS X5 ""AROMANZA""","","","","3"
"816","SAHUMERIO TIBETANO X8 ""AROMANZA""","","","","20"
"820","SAHUMEADOR GRANDE COLOR","","","","1"
"821","SAHUMEADOR CHICO CEMENTO","","","","1"
"822","DIENTE DE LEON XKG","","","","0"
"823","ASHWAGANDHA X 60 CAPSULAS ""SOMOS SETA""","","","","4"
"824","BARRAS ""CRUDDA""  X40Gr - SIN TACC","","","https://drive.google.com/file/d/1xV00r5HSo3zy6rGeo_d5Yj28DoWrdl2j/view","0"
"826","CITRATO DE MAGNESIO ""EL  NATURALISTA""","","","https://drive.google.com/file/d/1mRf1BFbOxI8NihwSkBQUNzjwF9W-ulYC/view","9"
"827","CITRATO DE POTASIO ""EL NATURALISTA""","","","https://drive.google.com/file/d/11T6jTwiWh8vqbm2ReafK6EzW3UrdfWZr/view","0"
"828","GLICINATO DE MAGNESIO ""EL NATURALISA""","","","https://drive.google.com/file/d/1QTEiTTOducupRnuYSwMy0yjx96l9KbER/view","0"
"829","ZINC ""EL NATURALISTA""","","","https://drive.google.com/file/d/1aeTTL6PsbNFHvzZWpXgTZ6Y4mb8Hap9C/view","4"
"830","CARDOMARIANO x 30 cápsulas ""EL NATURALISTA""","","","","0"
"831","SPIRULINA X 10 COMP. ""EL NATURALISTA""","","","","4"
"832","GINKGO BILOBA FORTE X 10 COMP. ""EL NATURALISTA""","","","","42"
"833","VITAMINA E X 10 COMP. ""EL NATURALISTA""","","","https://drive.google.com/file/d/1weRPLU43kGxL6auIAANb-XtdqE7F17Je/view","0"
"834","GINSENG + MAGNESIO X 10 COMP. ""EL NATURALISTA""","","","","9"
"836","LEVADURA DE CERVEZA SABOR QUESO X200GR","","","","2"
"838","MARCIANO WINE MALBEC","","","https://drive.google.com/file/d/1GhtivNWz_HDq4KOPmIhHB79iW57WJBSe/view","6"
"839","BICARBONATO  DE SODIO X KG","","","https://drive.google.com/file/d/1gyE8yPEaayBGMFLEmP6B_ijIRyW9apiA/view","4"
"842","POLEN X KG","","","","1"
"843","ROSA MOSQUETA X KG","","","","0"
"845","MALVA X KG","","","","0"
"846","MAPLE ""SYRUP"" JARABE DE ARCE X250ML","","","","0"
"848","STEVIA SOBRES X100 ""SIN TACC""","","","","2"
"849","STEVIA LIQUIDA X120 ""SIN TACC""","","","","7"
"851","GARAM MASALA XKG","","","","0"
"852","VITAMINA D3 X 50 UNIDADES ""NATIER""","","","","3"
"853","BARRA CROWIE  ARROZ ""SIN TACC""","","","","106"
"855","CORDYCEPS EXTRACTO 60CC ""SOMOS SETA""","","","","1"
"857","TOSTADAS RISKY  ""SIN TACC""","","","","22"
"861","GALLETAS SLIM DOS HERMANO ""SIN TACC""","","","","15"
"862","MELENA DE LEON X 60 CAPSULAS ""SOMOS SETA""","","","","3"
"863","REISHI X 60 CAPSULAS ""SOMOS SETA""","","","","0"
"864","CORDYCEPS X 60 CAPSULAS ""SOMOS SETA""","","","","1"
"865","GALLETAS CACHAFAZ INTEGRALES","","","","2"
"866","MELENA+ASHWAGANDHA X 60CC ""SOMOS SETA""","","","","0"
"869","ACEITE DE OLIVA   500 PET VERDE OLIVA","","","","15"
"872","MERMELADA DE FRUTILLAS Y ARANDANOS ""LAS DOÑAS""","","","","4"
"873","MERMELADA DE CITRICOS ""LAS DOÑAS""","","","","5"
"874","MERMELADA DE PERAS Y JENGIBRE ""LAS DOÑAS""","","","","10"
"875","COLADOR COMUN ROSE","","","","0"
"876","DELANTAL JEAN","","","","0"
"881","PLATA COLOIDAL X100ML","","","","1"
"883","DULCE DE LECHE CON STEVIA DOÑA MAGDALENA ""SIN TACC""","","","","0"
"890","ACEITE COCO NEUTRO ENTRENUTS ""SIN TACC"" x 360 G","12","","https://drive.google.com/file/d/152trCrtVnqrqBpTZmgkdRxJtLgjKj0VW/view","2"
"891","ACEITE COCO VIRGEN ENTRENUTS ""SIN TACC"" X 200 g","24","","https://drive.google.com/file/d/1bIaTu-IwSu3LSvSHplMMRH646c_O-vfl/view","5"
"893","SALSA TAHINE","","","","5"
"894","DULCE DE LECHE DE COCO VEGANO ""SIN TACC"" - DOÑA MAGDALENA","","","","0"
"902","MERMELADA ""DOÑA MAGDALENA"" C/STEVIA ""SIN TACC""","","","","0"
"903","CALDO DE VERDURAS CON SAL ""El Naturalista"" x10sobres","","","","15"
"904","CALDO DE VERDURA SIN SAL ""El Naturalista"" x10sobres","","","","2"
"908","CHOCOLATE 100%  COBERTURA SEMIAMARGO x kg - COLONIAL","","","","4"
"909","MELENA+ REISHI X 60CC ""SOMOS SETA""","","","","0"
"915","PREMEZCLA PIZZA ""DELICEL"" X500GR SIN TACC","","","","0"
"916","REDUCTOR BLISTER  X 10 COMP.""EL NATURALISTA""","","","https://drive.google.com/file/d/12YoRropKuis3u99GklU7H7xDfeiXtbfr/view","22"
"917","CURCUMA ACTIVADA CON PIMIENTA X 30 COMP. ""EL NATURALISTA""","","","https://drive.google.com/file/d/1_bjSV4yAeIyGT7WRMi-36m3vw2Z1eUGJ/view","0"
"918","CASCARA SAGRADA GOTAS X 60 CC ""EL NATURALISTA""","","","","5"
"919","MIEL BATIDA ""GOTAS DE ORO"" X500GR","","","","4"
"922","VALERIANA BLISTER  X 10 COMP. ""EL NATURALISTA""","","","https://drive.google.com/file/d/115lp6NWTavctF6OVKOnt9x3yK3IiiUFF/view","5"
"923","MIX FRUTOS ROJOS CONGELADOS X KILO","","","","1"
"925","STEVIA HOJAS X KG","","","","1"
"926","MATCHA X KG","","","","0"
"927","PROBIOTICOS KYIOJIN X 60 ML","","","","3"
"932","ACEITE DE OREGANO X30CC ""SOMOS SETA""","","","","2"
"933","MARACUYA CONGELADO X KG","","","","2"
"934","CENTELLA ASIATICA X 50 NATIER","","","","2"
"935","VITAMINA B12 X 50 NATIER","","","","0"
"936","OMEGA 3-SYNERGY 60 cap","","","","4"
"952","AGAR AGAR","","","","0"
"959","RESVERATROL X 30 ""EL NATURALISTA""","","","https://drive.google.com/file/d/1mj8CgaMA7ha8Jb3qESVj3K5loT7Uw2qJ/view","7"
"965","CAROTENO X 10 cápsulas ""EL NATURALISTA""","","","","2"
"968","PROPOLEO LIQ X 100ml El Naturalista","","","","6"
"972","CURCUMA, JENGIBRE Y PIMIENTA vitawellness x 30 cap","","","","2"
"973","VINAGRE DE SIDRA DE MANZANA X 250  ML ""NATIER""","","","","1"
"974","MIX SIN PASAS PREMIUM X KG","","","https://drive.google.com/file/d/1mxIbgm9P-xQtXref_PIV0oxiCeJH0WBC/view","4"
"975","MEMBRILLITOS X30Gr ""PIZARRO""","","","","19"
"978","KEFIR DE AGUA ""KE.LIVE"" SABORIZADO X 950 ML","","","","5"
"984","CREATINA MONOHIDRATO","","","","10"
"985","PROTEINA AISALDA DE SUERO X KG","","","","2"
"987","GOTITAS DE CHOCO BLANCO X KG","","","","2"
"996","MOLINILLO ACERO INOXIDABLE","","","","5"
"997","MORTERO MARMOL","","","","0"
"1002","SPIRULINA EN POLVO X KG","","","","2"
"1003","EXTRACTO DE VAINILLA NATURAL X 100 CC ""EL CASTILLO""","","","","4"
"1009","VINAGRE DE SIDRA DE MANZANA X 500 ML ""NATIER""","","","","2"
"1010","PIMIENTA JAMAICA X KG","","","","1"
"1011","ACEITE COCO NEUTRO ENTRENUTS ""SIN TACC"" x 200","24","","https://drive.google.com/file/d/1DT-EJI0FphtfZMGLOEMrSeYMNeaS2Dbp/view","4"
"1012","ACEITE COCO VIRGEN ENTRENUTS ""SIN TACC"" X 360 g","12","","https://drive.google.com/file/d/10RUG87XYxr6t9RrYo6_F7kMzVyukmkJU/view","9"
"1014","BARRA CHOCO 80% X 100 g - COLONIAL","","","","7"
"1015","MANTECA CLARIFICADA GHEE ""ENTRENUTS"" X370","","","","0"
"1017","MIEL BATIDA ""GOTAS DE ORO"" X250GR","","","","0"
"1022","MORINGA TINTURA MADRE X60cc ""EL NATURALISTA""","","","","3"
"1023","ACEITE PURO DE ARGAN X 50CC","","","","3"
"1024","CALDO DE HUESO "" MEDICINA ANCESTRAL""","","","","4"
"1026","GALLETAS SIN TACC X KG","","","","1"
"1027","CENTELLA ASIATICA+GINKGOBILOBA+TEVERDE+HIBISCUS","","","","2"
"1031","MIEL CREMOGENADA  x 500 g ""TRES SOLES"" - FLOR DEL ALGARROBO","","","","0"
"1032","MIEL X 500 g ""TRES SOLES"" - JALEA","","","","7"
"1033","MIEL X 300 g ""TRES SOLES"" - JALEA","","","","2"
"1036","CERA DE MIEL DEPILATORIA","","","","0"
"1037","CUENCOS DE CERÁMICA","","","","0"
"1038","ACEITE DE TOMILLO ""SUPPLY"" X30ML","","","","0"
"1040","RELAX BLEND X50CAP. ""NATIER""","","","","2"
"1046","GIN DE AUTOR SABORIZADO x 500 cc ""TIERRA SANTA""","","","","3"
"1049","GIN DE AUTOR LODON DRY x 750 cc ""TIERRA SANTA""","","","","0"
"1052","MANTELITOS ARTESANALES (POLIÉSTER)","","","","0"
"1053","MERKEN CHILENO X KG","","","","1"
"1054","ESENCIA DE PAN DULCE 60 cc","","","","0"
"1055","ESENCIA DE AGUA DE AZAHAR 60 cc","","","","2"
"1060","HARINA DE ALMENDRAS C/PIEL","","","","4"
"1061","LENTEJA DE CHOCOLATE XKG","","","","4"
"1062","MANGO EN TROZOS CONGELADOS  XKG","","","","0"
"1063","SELENIO QUELADO ""NATIER"" X 50 CAP","","","","0"
"1067","SEN HOJAS X KG","","","","2"
"1068","ALOE VERA DIGESTIVO BEBIBLE X250 ""NATIER""","","","","0"
"1070","ALOE VERA JUGO X 500 ML"" NATIER""","","","","2"
"1071","BLEND DE TE X 30g","","","","0"
"1072","TOFU SOYANA ORGÁNICO 350 g","","","","0"
"1073","BOMBITA DEFUMACION X 4 uni. - SAGRADA MADRE","","","","13"
"1074","SAHUMERIOS CON PORTASAHUMERIO AROMANZA","","","","4"
"1078","PREMEZCLA BIZCOCHUELO ""DELICEL"" X500GR SIN TACC","","","","0"
"1079","NAD X 60 cápsulas ""EL NATURALISTA""","","","","1"
"1080","NAD+RESVERATROL X 60 cápsulas ""EL NATURALISTA""","","","","7"
"1082","MELENA DE LEON SUPPLY 60 ml","","","","0"
"1091","ACIDO ASCÓRBICO X KG","","","","0"
"1092","TILO EN HOJAS","","","","0"
"1093","POLVO  PARA HORNEAR X KG","","","https://drive.google.com/file/d/1GHmgiodbITLTxkJV3qFZXUV9Aadydfhl/view","12"
"1094","SPIRULINA CONCENTRADA NATIER x 50 cápsulas","","","","0"
"1096","CARQUEJA TINTURA MADRE  ""EL NATURALISTA""","","","","0"
"1097","ACEITE PURO DE RICINO ""EL NATURALISTA""","","","","1"
"1099","GALLETITAS DELICEL (SIN TACC) x 150 g","","","","1"
"1100","AVENA INSTANTANEAX 400 g ""SIN TACC""","","","","0"
"1109","VINAGRE  DE SIDRA DE MANZANA ""VERDE VIDA"" X 500 ML","","","","5"
"1112","TRIGO SARRACENO PELADO X KG","","","","0"
"1113","MERMELADA DE PERAS AL MALBEC ""LAS DOÑAS""","","","","2"
"1114","PISTACHOS NATURALES SIN CÁCARA X KG","","","","14"
"1115","HIPÉRICO TINTURA MADRE X 60 CC","","","","0"
"1116","MELISA TINTURA MADRE X 60 CC","","","","0"
"1117","ORTIGA TINTURA MADRE X 60 CC","","","","4"
"1118","NENCIA TINTURA MADRE  X 60 CC","","","","0"
"1119","PASIONARIA TINTURA MADRE X 6O CC","","","","2"
"1120","VALERIANA TINTURA MADRE X 60 CC","","","","2"
"1121","SAL DIETETICA NATURAL","","","","2"
"1122","ACEITE PURO DE ALMENDRAS X 50 CC","","","","1"
"1123","ACEITE DE SÉSAMO X 250 ML NATRUSEM","","","","1"
"1124","TRIGO CANDEAL X KG","","","","4"
"1125","MELENA DE LEON EXTRACTO 60cc ""SOMOS SETA""","","","","1"
"1126","CAFE BRASIL BB X 250","","","","4"
"1127","CAFE COLOMBIA HUILA BB X250","","","","1"
"1128","CAFE DESCAFEINADO EXOTIC COLOMBIA BB X250","","","","1"
"1129","FILTROS PARA CAFE X 10 unidades","","","","0"
"1130","CALCIO+VITAMINA ""D"" 60 uni.  ""EL NATURALISTA""","","","","2"
"1131","ACEITE DE LINO X 150 cc ""NUTRA SEM""","","","","2"
"1132","ACEITE DE LINO X 250 cc ""NUTRA SEM""","","","","3"
"1133","ENVIO","","","","13"
"1137","VERMUTH  ""AQUI Y AHORA""","","","","0"
"1140","KIMCHI VERDE VIDA 360 ml","","","","1"
"1142","PEPERINA X KG","","","","0"
"1145","DIFUSOR ""ILUMINARTE"" X 125 ml","","","","9"
"1146","PROPOLEO SPRAY 30 cc ""EL NATURALISTA""","","","","2"
"1147","EQUINACEA TINTURA MADRE 60 cc ""EL NATURALISTA""","","","","4"
"1150","VELON BURBUJA","","","","12"
"1153","GOMA XANTICA","","","","0"
"1155","POLVO P/HORENAR X 250 g SIN TACC - DICOMERE","","","","1"
"1156","ASHWAGANDHA X 60 CC ""SOMOS SETA""","","","","0"
"1157","REISHI X 60 CC ""SOMOS SETA""","","","","1"
"1158","PSYLLIUM SEMILLA X KG","","","","3"
"1159","BLEND DE TE X KG","","","","0"
"1160","ACETO BALSAMICO MILLAN X 250 cc","","","","6"
"1163","SALERO/PIMENTERO","","","","15"
"1164","PSYLLIUM MOLIDO X KG","","","","5"
"1165","PALO SANTO X30GR","","","","2"
"1169","PRENSA FRANCESA 800 ml","","","","0"
"1176","CLORURO DE MAGNESIO X KG","","","","5"
"1177","SEMILLAS HINOJO","","","","1"
"1179","MERMELADA FRUTOS ROJOS CON STEVIA ""DOÑA MAGDALENA""","","","","0"
"1181","TAZA VIDRIO","","","","6"
"1183","SYRUP DE DATILES ""LYNA""","","","","3"
"1184","PASAS DE UVA CEREZA CON SEMILLA X KG","","","https://drive.google.com/file/d/1Pu2D-RFY57UtSR3BJHr4uot2JKPFAj9Z/view","5"
"1185","LEVADURA LEVEX 13 g","","","","6"
"1186","CAJA FUERZA DIVINA","","","","1"
"1187","MIXTURAS","","","","2"
"1188","ZAPALLO EN ALMIBAR X3.8KG","","","","0"
"1189","HIGOS EN ALMIBAR X 3,8 KG","","","","0"
"1191","LA IRIDE CHAMP EXTRA BRUT X 750 cc","","","","0"
"1199","BANANITAS CON CHOCO","","","","2"
"1201","TETERA CON INFUSOR 550 ml","","","","5"
"1202","TETERA CON INFUSOR 750ml","","","","10"
"1203","KOMBUCHA  EYWA 354 ml","","","","8"
"1204","BARRA ""INTEGRA""","","","","1"
"1207","BISGLICINATO DE MAGNESIO NATIER 50 cápsulas","","","","0"
"1208","TREMELLA EN POLVO 30 g ""SOMOS SETAS""""","","","","1"
"1209","TREMELLA EXTRACTO 60 cc ""SOMOS SETAS""","","","","2"
"1210","HIBISCUS EXTRACTO 60 cc ""SOMOS SETAS""","","","","2"
"1211","ACEITE DE HIBISCUS 30 ml ""SOMOS SETAS""","","","","1"
"1212","MELENA DE LEON EN POLVO 30 g ""SOMOS SETAS""","","","","1"
"1213","COLA DE PAVO EXTRACTO 60 cc ""SOMOS SETAS""","","","","1"
"1214","FRAMBUESAS CONGELADAS X KG","","","","0"
"1215","PASTA ACEITUNAS CONDIM. 200 g","","","","3"
"1216","RHODIOLA ROSEA POLVO ""SOMOS SETAS""","","","","1"
"1217","MERMELADA MQA ZANAHORIA/NARANJA X310GR","","","","4"
"1220","MOSTAZA CON MIEL ORGANICA 190gr","","","","0"
"1221","MOSTAZA DIJON 170gr","","","","0"
"1222","MAITAKE ""SOMOS SETAS"" X60cap","","","","1"
"1223","RHODIOLA X60 CAPSULAS ""SOMOS SETAS""","","","","0"
"1224","RHODIOLA ROSEA EXTRACTO X60cc ""SOMOS SETAS""","","","","1"
"1225","VITAMINA K2 + D3 X 50 cápsulas ""NATIER""","","","","0"
"1226","POTASIO+MAGNESIO 30cap ""El Naturalista""","","","","13"
"1227","CITRATO DE MAGNESIO  XKG","","","","2"
"1228","BARRA MUECA PROTEICA","","","","33"
"1229","ELECTROLITOS ""SUMA"" - Sobre x 9 g","","","","8"
"1230","PITA CHIPS DE MASA MADRE - ALMADRE","","","","0"
"1231","CHIPS DE PAPAS ""SIN TACC"" - BOUTIQUE CHIPS","","","","5"
"1232","CHIPS DE BATATA ""SIN TACC"" - BOUTIQUE CHIPS","","","","4"
"1233","MANTECA CLARIFICADA GHEE X 150 g - COW'S PURE","","","","5"
"1234","PREMEZCLA SIN TACC UNIVERSAL PANADERIA REPOSTERÍA Y PASTAS X 500 g - DELICEL","","","","9"
"1237","ACEITE PURO DE ARNICA X50cc","","","","2"
"1238","TREMELLA EN CAPSULAS ""SOMOS SETAS""","","","","1"
"1239","PRENSA FRANCESA 350ml","","","","0"
"1240","PRENSA FRANCESA 600ml","","","","5"
"1241","BARRA CHOCOLATE MAPRICUBER xKg","","","","0"
"1244","NUEZ DE BRASIL XKG","","","","1"
"1245","ACEITERO SPRAY X 100 ML","","","","1"
"1246","SALSA INGLESA x180cc","","","","2"
"1247","PROPOLEO PLUS+CURCUMA,JENGIBRE Y TOMILLO 250ml","","","","2"
"1248","MAGNESIO EN POLVO NATIER X150g","","","","2"
"1249","NMN nicotinamida mononucleotido","","","","1"
"1250","SHITAKE X 60 CAPS. SOMOS SETAS","","","","0"
"1251","COLA DE PAVO x 60 CAPS SOMOS SETA","","","","0"
"1252","MAIZ PSINGALLO","","","","1"
"1253","SALVIA OFICINAL","","","","0"
"1254","CAFE VERDE X30 COMPRIMIDOS ""EL NATURALISTA""","","","","6"
"1255","FLEBOTONICO X30 COMPRIMIDOS ""EL NATURALISTA""","","","","3"
"1256","COLAGENO X 10 COMPRIMIDOS ""EL NATURALISTA""","","","","6"
"1257","VITAMINA C X 60 COMPRIMIDOS ""EL NATURALISTA""","","","","1"
"1258","AVENA BIO SIN GLUTEN 500gr","","","","5"
"1259","DULCE DE MEMBRILLO PIZARRO 454gr","","","","1"
"1260","DULCE BATATA SIN AZUCAR ORIETA 400GR","","","","3"
"1261","DULCE MEMBRILLO SIN AZUCAR ORIETA 400gr","","","","3"
"1262","ALFAJOR SIN AZUCAR ""BANDA""","","","","0"
"1263","VELA EN LATA MANDALA CHICA","","","","4"
"1264","CHIPA X480 GR - AFG","","","","0"
