"Rubro","Artículo","Nombre","Bt.LISTA 2","Stock"
"ACEITES Y VINAGRES","2","ACEITE DE OLIVA X 5 L R.V.","69.809,92","0"
"ACEITES Y VINAGRES","3","ACEITE DE OLIVA X 3 L R.V.","42.297,52","1"
"ACEITES Y VINAGRES","4","ACEITE DE OLIVA X  500 CC R.V.","8.809,92","8"
"ACEITES Y VINAGRES","5","ACEITE DE OLIVA X  900 CC R.V.","14.611,57","9"
"ACEITES Y VINAGRES","6","ACEITE DE OLIVA  PANNOCCHIA X1L","16.388,43","0"
"ACEITES Y VINAGRES","7","ACEITE DE OLIVA  X1 L VID. LAUR","20.214,88","8"
"ACEITES Y VINAGRES","8","ACEITE DE OLIVA  PANNOCCHIA X 500ML","9.942,15","0"
"ACEITES Y VINAGRES","9","ACEITE DE OLIVA  PANNOCCHIA X5L","77.743,80","0"
"ACEITES Y VINAGRES","16","ACETO BALSAMICO 500 CC PET ""CRISTO DE LOS CERROS""","3.785,12","0"
"ACEITES Y VINAGRES","17","ACETO REDUCCIÓN X 500 CC ""RECETAS DE ENTONCES""","6.859,50","5"
"ACEITES Y VINAGRES","18","VINAGRE DE ALCOHOL X 1 L","1.107,44","3"
"ACEITES Y VINAGRES","19","VINAGRE DE MANZANA X 1 L","2.148,76","2"
"ACEITES Y VINAGRES","20","VINAGRE DE VINO X 1 L","1.338,84","0"
"ACEITUNAS","23","ACEITUNAS GRIEGAS X 1 KG","10.512,40","7"
"ACEITUNAS","24","ACEITUNAS GRIEGAS X 1/2 KG","7.280,99","3"
"ACEITUNAS","33","ACEITUNAS RELL. X 200 GR","3.479,34","7"
"ACEITUNAS","38","ACEITUNAS VERDES X 1 KG Nº 00","9.322,31","1"
"ACEITUNAS","39","ACEITUNAS VERDES X 1 KG Nº0","8.347,11","2"
"ACEITUNAS","40","ACEITUNAS VERDES X 1 KG Nº1","7.280,99","2"
"ACEITUNAS","44","ACEITUNAS VERDES X 1/2 KG Nº 00","6.082,65","1"
"ACEITUNAS","45","ACEITUNAS VERDES X 1/2 KG Nº 1","4.123,97","2"
"ACEITUNAS","46","ACEITUNAS VERDES X 1/2 KG Nº0","4.842,98","3"
"SNACK","52","BARRA PROTEICA  ""INTEGRA""","2.214,88","0"
"PRODUCTOS SIN TACC","55","FIDEOS DE ARROZ VERDURA ""PARTY BECK"" X280GR","2.983,47","0"
"GRANOS Y LEGUMBRES","56","ARROZ INTEGRAL X KG.","2.132,23","0"
"GRANOS Y LEGUMBRES","57","ARROZ YAMANI X KG.","2.958,68","4"
"GRANOS Y LEGUMBRES","58","CUSCUS X KG","10.545,45","3"
"GRANOS Y LEGUMBRES","59","GARBANZOS X KG","2.446,28","2"
"GRANOS Y LEGUMBRES","60","LENTEJAS TURCAS X KG","4.206,61","6"
"GRANOS Y LEGUMBRES","61","LENTEJAS X KG.","3.685,95","5"
"GRANOS Y LEGUMBRES","63","MAIZ BCO PISADO PARTIDO X KG","2.826,45","7"
"GRANOS Y LEGUMBRES","65","POROTO ALUBIA KG","3.545,45","0"
"GRANOS Y LEGUMBRES","66","POROTO COLORADO X KG.","3.735,54","2"
"GRANOS Y LEGUMBRES","67","POROTO MANTECA X KG.","4.338,84","0"
"GRANOS Y LEGUMBRES","68","POROTO MUNG X KG","2.578,51","2"
"GRANOS Y LEGUMBRES","69","POROTO NEGRO X KG.","2.595,04","6"
"GRANOS Y LEGUMBRES","70","POROTOS DE SOJA X KG","2.264,46","4"
"GRANOS Y LEGUMBRES","71","POROTOS PALLARES X KG","6.900,83","3"
"GRANOS Y LEGUMBRES","72","TRIGO BURGOL X KG","3.528,93","4"
"AZUCAR, CACAO Y REPOSTERIA","75","AZUCAR IMPALPABLE X KG.","2.644,63","4"
"AZUCAR, CACAO Y REPOSTERIA","76","AZUCAR MASCABO X KG","5.123,97","4"
"AZUCAR, CACAO Y REPOSTERIA","77","AZUCAR NEGRA X KG.","2.619,84","1"
"AZUCAR, CACAO Y REPOSTERIA","78","CACAO AMARGO DE BRASIL X KG.","25.842,97","0"
"AZUCAR, CACAO Y REPOSTERIA","79","CASCARILLA DE CACAO X KG.","5.297,52","4"
"AZUCAR, CACAO Y REPOSTERIA","80","COCO EN ESCAMAS X KG","17.950,41","2"
"AZUCAR, CACAO Y REPOSTERIA","81","COCO RALLADO X KG.","10.520,66","0"
"AZUCAR, CACAO Y REPOSTERIA","83","ESENCIA ARTIFICIAL DE VAINILLA X 100 CC ""INDIAS""","892,56","7"
"ESPECIAS","84","LEVADURA DE CERVEZA NUTRICIONAL X KG","8.479,34","0"
"MANTECAS Y PASTAS","85","MANTEQUILLA DE MANI ""ENTRENUTS"" X 370 g","3.256,20","2"
"AZUCAR, CACAO Y REPOSTERIA","86","POLVO PARA HORNEAR X 50 GR","347,11","0"
"BEBIDAS","94","JUGO DE ARANDANOS X 1,5 LTS.","2.876,03","7"
"BEBIDAS","99","LECHE DE ALMENDRAS X 1 L","4.826,45","5"
"BEBIDAS","105","LECHE DE COCO EN POLVO X KG","25.578,51","4"
"CARAMELOS","107","CARAMELOS  X  UNIDAD","123,97","0"
"CEREALES","113","ALMOHADITAS 2 SALVADO X KG.","5.115,70","3"
"CEREALES","114","ALMOHADITAS CHOCOLATE X KG.","8.231,41","5"
"CEREALES","116","ALMOHADITAS FRUTILLA X KG.","7.669,42","0"
"CEREALES","117","ALMOHADITAS LIMON X KG.","7.669,42","4"
"CEREALES","118","ANILLOS DE AVENA Y MIEL X KG.","6.991,74","1"
"CEREALES","119","ANILLOS FRUTADOS X KG.","6.305,78","3"
"CEREALES","120","AVENA ARROLLADA GRUESA X KG","2.297,52","3"
"CEREALES","121","AVENA INSTANTÁNEA  X KG","2.289,26","0"
"CEREALES","122","AVENA TRADICIONAL X KG.","2.289,26","3"
"CEREALES","123","BASTONCITO SALVADO TRIGO Y AVENA X KG.","7.636,36","1"
"CEREALES","124","BOLITAS DE CHOCOLATE X KG.","7.206,61","2"
"CEREALES","125","COPOS DE MAIZ C/AZUCAR X KG","3.479,34","2"
"CEREALES","126","COPOS DE MAIZ X KG.","2.826,45","2"
"CEREALES","127","GRANOLA MIX BERRIES X KG","8.669,42","2"
"CEREALES","128","GRANOLA MIX ENERGET X KG","8.669,42","5"
"CEREALES","129","GRANOLA MIX TROPICAL X KG","8.685,95","3"
"CEREALES","130","GRANOLA CON MIEL X KG","9.966,94","15"
"CEREALES","131","QUINOA INFLADA X KG.","9.008,26","0"
"CEREALES","132","TUTUCAS CON AZUCAR X KG","3.636,36","5"
"CEREALES","133","TUTUCAS SIN AZUCAR X KG","3.446,28","3"
"PRODUCTOS CONGELADOS","134","ARANDANOS CONGELADOS X KG","11.396,69","0"
"AZUCAR, CACAO Y REPOSTERIA","136","CHOCOLATE 80%  COBERTURA SEMIAMARGO x kg - COLONIAL","43.917,36","5"
"PRODUCTOS CONGELADOS","137","PIÑA CONGELADA X KG","10.785,12","3"
"SIN CATEGORÍA","152","ARANDANOS DESHIDRATADOS X KG","12.338,84","10"
"SIN CATEGORÍA","155","CHIPS DE BANANA X KG","10.545,45","3"
"SIN CATEGORÍA","156","CIRUELA PRESIDENTE X KG.","13.033,06","0"
"SIN CATEGORÍA","157","CIRUELAS D`AGEN C/CAROZO X KG","7.553,72","0"
"SIN CATEGORÍA","158","CIRUELAS TIERNIZADAS S/C X KG","9.991,74","12"
"SIN CATEGORÍA","160","DATILES DE EGIPTO C/C X KG","6.438,02","6"
"SIN CATEGORÍA","162","HIGOS TIERNIZADOS X KG","11.719,01","4"
"SIN CATEGORÍA","165","MEDALLONES DURAZ.  X KG","12.752,07","3"
"SIN CATEGORÍA","166","PASAS MOROCHA JUMBO  X KG","5.528,93","16"
"SIN CATEGORÍA","167","PASAS RUBIA SIN SLLA X KG","7.173,55","10"
"SIN CATEGORÍA","168","PERAS WILLIAMS X KG","11.487,60","6"
"SIN CATEGORÍA","172","RODAJAS NARANJA DESHIDR X 1 KG","29.958,68","0"
"SIN CATEGORÍA","175","TOMATE SECOS X KG","10.991,74","7"
"DULCES, MIEL Y CHOCOLATES","176","DULCE DE ALCAYOTA X 500 GR","2.462,81","4"
"PALADEAR HOME","182","SALES DE BAÑO","3.305,78","0"
"LINEA GOURMET","188","HIGOS EN ALMIBAR  X 450 GR","4.561,16","6"
"DULCES, MIEL Y CHOCOLATES","191","DULCE DE MEMBRILLO X 500 GR","4.702,48","0"
"DULCES, MIEL Y CHOCOLATES","192","DULCE DE MEMBRILLO X 1 KG","4.206,61","3"
"DULCES, MIEL Y CHOCOLATES","205","MIEL DE ABEJA X 1 kg ""MONTE NATURAL"" - JALEA","5.173,55","1"
"DULCES, MIEL Y CHOCOLATES","206","MIEL DE ABEJA X 250 g ""MONTE NATURAL"" - JALEA","2.322,31","13"
"DULCES, MIEL Y CHOCOLATES","207","MIEL DE ABEJA X 500 g ""MONTE NATURAL"" - JALEA","3.297,52","14"
"ENCURTIDOS","215","AJIES DULCES X 110 GR","2.743,80","2"
"ENCURTIDOS","217","AJIES PICANTES X 110 GR","2.743,80","4"
"ENCURTIDOS","218","ALCAPARRAS X 100 GR","5.611,57","3"
"ENCURTIDOS","219","CHUCRUT X 600 GR","7.512,40","6"
"ENCURTIDOS","221","CORAZON DE  ALCAUCIL CONDIM X 330 GR","5.950,41","0"
"ENCURTIDOS","223","BERENJENAS CONDIM.X 200 GR","3.330,58","2"
"ENCURTIDOS","226","CORAZONES DE ALCAUCIL X 300 GR","5.958,68","6"
"ENCURTIDOS","227","PEPINILLOS EN VIN. X 200 GR","3.008,26","3"
"ENCURTIDOS","230","PEPINOS AGRID X 200 GR","3.198,35","0"
"ENCURTIDOS","235","PICKLES MIXTOS X 200 GR","2.297,52","8"
"ENCURTIDOS","237","PIMIENTOS ENTEROS X 200 GR","3.537,19","4"
"ENCURTIDOS","239","POROTOS CONDIM X 200 GR","3.082,64","2"
"ESPECIAS","242","ADOBO PARA PIZZA X KG.","7.561,98","0"
"ESPECIAS","243","NUEZ MOSCADA ENTERA X KG","37.537,19","0"
"ESPECIAS","244","AJI MOLIDO FINO X KG.","7.140,50","2"
"ESPECIAS","245","AJO EN POLVO","4.909,09","4"
"ESPECIAS","246","AJO GRANULADO X KG.","11.140,50","0"
"ESPECIAS","247","ALBAHACA EN HOJAS X KG","6.859,50","1"
"ESPECIAS","248","ANIS EN GRANO X KG.","9.859,50","0"
"ESPECIAS","249","ANIS ESTRELLADO X KG.","48.157,03","2"
"ESPECIAS","250","AZAFRAN ESPAÑOL X CAPSULA.","2.495,87","1"
"ESPECIAS","251","CANELA EN RAMA X KG","59.041,32","1"
"ESPECIAS","252","CANELA MOLIDA X KG.","11.504,13","3"
"ESPECIAS","253","CARDAMOMO X KG.","110.950,41","0"
"ESPECIAS","254","CEBOLLA EN ESCAMAS X KG.","9.214,88","0"
"ESPECIAS","256","CHIMICHURRI X KG.","8.256,20","0"
"ESPECIAS","257","CLAVO DE OLOR ENTERO X KG.","30.520,66","1"
"ESPECIAS","258","COMINO MOLIDO X KG.","9.198,35","0"
"ESPECIAS","262","CONDIMENTO PARA ARROZ X KG","8.528,93","0"
"ESPECIAS","263","PESTO X KG","8.652,89","0"
"ESPECIAS","264","CORIANDRO ENTERO X KG.","1.950,41","0"
"ESPECIAS","265","CORIANDRO MOLIDO","2.859,50","0"
"ESPECIAS","266","CURCUMA MOLIDA X KG","8.256,20","2"
"ESPECIAS","267","CURRY X KG","10.380,17","1"
"ESPECIAS","268","BICARBONATO DE SODIO X 50 GR","314,05","0"
"ESPECIAS","269","MIX  4 PIMIENTAS","38.148,76","1"
"ESPECIAS","270","SAL MARINA FINA X 500 GR.","2.330,58","5"
"ESPECIAS","271","FINAS HIERBAS X KG.","12.553,72","0"
"ESPECIAS","272","NUEZ MOSCADA MOLIDA X KG.","16.917,35","0"
"ESPECIAS","273","GELATINA SIN SABOR X KG","17.148,76","4"
"ESPECIAS","274","SAL MARINA GRUESA X 500 GR","2.338,84","7"
"ESPECIAS","275","HONGOS SECOS X KG","40.950,41","0"
"ESPECIAS","277","JENGIBRE  MOLIDO X KG.","12.735,54","1"
"ESPECIAS","278","JULIANA SIN PAPA X KG","11.595,04","0"
"ESPECIAS","279","LAUREL EN HOJAS X KG.","20.950,41","0"
"ESPECIAS","280","MACA EN POLVO X KG.","16.925,62","1"
"ESPECIAS","282","MOSTAZA EN GRANOS X KG","5.396,69","3"
"ESPECIAS","285","OREGANO  KG.","6.024,79","2"
"ESPECIAS","286","PEREJIL EN HOJAS X KG.","12.123,97","1"
"ESPECIAS","287","PIMENTON AHUMADO X KG","8.388,43","3"
"ESPECIAS","288","PIMENTON EXTRA X KG","8.314,05","4"
"ESPECIAS","289","PIMENTÓN PICANTE X KG","7.966,94","0"
"ESPECIAS","290","PIMIENTA BCA  EN GRANO X KG","37.528,93","1"
"ESPECIAS","292","PIMIENTA BCA MOLIDA X KG","38.057,85","0"
"ESPECIAS","293","PIMIENTA CAYENA MOLIDA X KG.","9.173,55","0"
"ESPECIAS","294","PIMIENTA NEGRA EN GRANO X KG.","21.371,90","2"
"ESPECIAS","295","PIMIENTA NEGRA MOLIDA X KG","24.818,18","3"
"ESPECIAS","297","PROVENZAL X KG.","11.520,66","0"
"ESPECIAS","298","ROMERO EN HOJAS X KG.","10.322,31","0"
"ESPECIAS","299","SAL DEL HIMALAYA FINA X 1 KG","3.289,26","10"
"ESPECIAS","300","SAL DEL HIMALAYA GRUESA X KG.","3.958,68","3"
"ESPECIAS","302","TOMILLO X KG","8.859,50","0"
"LINEA GOURMET","309","ZAPALLO EN ALMIBAR X 360GR","4.677,69","3"
"HARINAS","313","HARINA DE MAIZ BLANCO","3.109,09","0"
"PRODUCTOS SIN TACC","314","TOSTADITAS DE ARROZ DELICEL ""SIN TACC""","1.223,14","0"
"FRUTOS SECOS","317","ALMENDRA PARTIDA X KG","18.429,75","8"
"FRUTOS SECOS","318","ALMENDRA NONPAREIL  X KG","19.661,16","1"
"FRUTOS SECOS","322","AVELLANAS SIN CASCARA X KG","36.528,93","4"
"FRUTOS SECOS","323","CASTAÑAS CAJÚ VIETNAM  X KG","17.082,65","8"
"FRUTOS SECOS","324","MANI C/CASCARA X KG","4.314,05","3"
"FRUTOS SECOS","327","MIX PATAGONICO X KG","12.776,86","16"
"FRUTOS SECOS","328","MIX TRADICIONAL X KG","5.057,85","7"
"FRUTOS SECOS","329","MIX TROPICAL X KG.","7.785,12","9"
"FRUTOS SECOS","331","NUEZ CUARTILLO X KG","11.289,26","14"
"FRUTOS SECOS","338","NUEZ CUARTOS X KG","12.413,22","21"
"FRUTOS SECOS","340","NUEZ MARIPOSA LIGHT X KG","12.983,47","7"
"FRUTOS SECOS","342","PISTACHOS CON CÁSCARA X KG","33.272,73","6"
"SIN CATEGORÍA","348","FRUTA ESCURRIDA X KG","4.280,99","3"
"SIN CATEGORÍA","351","JENGIBRE GLASEADO X KG","17.404,96","0"
"HARINAS","357","ALMIDON DE MAIZ X KG","1.776,86","0"
"HARINAS","358","FECULA DE MANDIOCA X KG","2.727,27","8"
"HARINAS","359","GERMEN DE TRIGO NATURAL X KG.","1.900,83","4"
"HARINAS","360","GLUTEN DE TRIGO X KG","7.462,81","4"
"HARINAS","361","HARINA DE ALGARROBA X KG","5.652,89","2"
"HARINAS","363","HARINA  DE ALMENDRAS S/ PIEL X KG","22.966,94","4"
"HARINAS","364","HARINA DE ARROZ X KG","1.950,41","2"
"HARINAS","365","HARINA DE AVENA X KG","2.661,16","17"
"HARINAS","367","HARINA DE CHIA X KG.","2.247,93","5"
"HARINAS","368","HARINA DE COCO X KG","7.479,34","6"
"HARINAS","369","HARINA DE GARBANZO X KG","2.008,26","6"
"HARINAS","370","HARINA DE LINO X KG","3.330,58","4"
"HARINAS","372","HARINILLA DE MAIZ","1.272,73","0"
"HARINAS","376","HARINA SOJA DESGR FINA X KG","2.322,31","4"
"HARINAS","377","HARINA INTEGRAL FINA X KG.","1.710,74","14"
"HARINAS","378","PANKO X KG","2.719,01","16"
"HARINAS","380","SALVADO DE AVENA X KG","2.644,63","3"
"HARINAS","381","SALVADO DE TRIGO GRUESO X 1 KG","1.768,60","15"
"HARINAS","382","SEMOLIN DE TRIGO X KG","1.595,04","2"
"HARINAS","383","TEXTURIZADO DE SOJA X KG","2.702,48","3"
"INFUSIONES Y HIERBAS","384","BOLDO X KG","15.429,75","1"
"PALADEAR HOME","385","INFUSOR PARA TE","2.057,85","0"
"INFUSIONES Y HIERBAS","386","MANZANILLA FLOR X KG","24.247,93","0"
"INFUSIONES Y HIERBAS","388","TE ROJO X KG","6.975,21","0"
"LINEA GOURMET","418","CEREZAS AL MARRASCHINO X 170 g ""AGROIANNI""","4.595,04","4"
"LINEA GOURMET","422","CEREZAS AL MARRASCHINO X 330 g ""AGROIANNI""","6.049,59","4"
"LINEA GOURMET","428","HUMO NATURAL X 250 ML","3.454,55","0"
"LINEA GOURMET","443","PASTA ACEITUNAS NEGRAS X 200 g ""AGROIANNI""","2.851,24","6"
"LINEA GOURMET","444","PASTA ACEITUNAS VERDES X 200 g ""AGROIANNI""","2.859,50","5"
"LINEA GOURMET","445","PASTA DE AJI PICANTE X 90 GR","2.900,83","2"
"LINEA GOURMET","448","PASTA DE AJOS X 200 g ""AGROIANNI""","2.338,84","0"
"LINEA GOURMET","458","SALSA AJI PICANTE X 180 CC","4.801,65","8"
"LINEA GOURMET","460","SALSA CESAR 250 GR","4.570,25","2"
"LINEA GOURMET","461","SALSA CHIMICHURRI  X 250 GR","4.570,25","0"
"LINEA GOURMET","464","SALSA DE SOJA X 180 CC","3.504,13","3"
"LINEA GOURMET","467","SALSA JALAPEÑO ROJA X 180 CC","4.942,15","4"
"LINEA GOURMET","468","SALSA JALAPEÑO VERDE X 180 CC","4.942,15","0"
"LINEA GOURMET","470","SALSA TERIYAKI X 250 CC","4.074,38","4"
"LINEA GOURMET","471","TOMATE DESECADOS CONDIMENTADOS X 330 g ""AGROIANNI""","3.818,18","0"
"INFUSIONES Y HIERBAS","472","JAZMIN XKG","104.677,69","0"
"SUPLEMENTOS","487","CARDO MARIANO TINTURA MADRE X 60 CC ""EL NATURALISTA""","7.256,20","0"
"SUPLEMENTOS","492","LEVADURA TITAN EN COPOS X200GR ""SIN TACC""","14.355,37","1"
"PRODUCTOS DE FRIO","493","YOGHURT DURAZNO X 1 L","4.719,01","0"
"PRODUCTOS DE FRIO","494","YOGHURT FRUTILLA X 1 L","4.727,27","4"
"PRODUCTOS DE FRIO","495","YOGHURT NATURAL AZUCARADO X 1 L","4.297,52","6"
"PRODUCTOS DE FRIO","496","YOGHURT NATURAL SIN AZUCAR X 1 L","4.297,52","1"
"PRODUCTOS SIN TACC","497","PREMEZCLA P/PANIFI S/ TACC X 1 KG","5.694,22","7"
"PRODUCTOS SIN TACC","499","REBOZADOR S/GLUTEN X 500 GR","3.132,23","3"
"SEMILLAS","502","ENELDO SEMILLAS X KG","7.545,45","0"
"SEMILLAS","504","MIX 7 SEMILLAS SALUD X KG","5.553,72","2"
"SEMILLAS","505","MIX DE SLLAS  ADELGAZ X KG","5.520,66","6"
"SEMILLAS","506","MIX SLLAS PARA ENSALADA X KG","6.619,84","1"
"SEMILLAS","507","QUINOA X KG","9.421,49","0"
"SEMILLAS","508","SEMILLA DE AMAPOLA X KG.","13.636,36","2"
"SEMILLAS","509","SEMILLA DE AMARANTO X KG","11.066,12","0"
"VINOS","510","MASTROENI EXTRA BRUT","5.280,99","0"
"SEMILLAS","511","SEMILLA DE CHIA NAC X KG.","9.578,51","23"
"SEMILLAS","513","SEMILLA DE GIRASOL X KG.","5.322,31","21"
"SEMILLAS","514","SEMILLA DE LINO X KG","3.884,30","8"
"SEMILLAS","515","SEMILLA DE ZAPALLO PELADO X KG.","15.776,86","4"
"SEMILLAS","516","SESAMO BLANCO X KG.","6.809,92","4"
"SEMILLAS","517","SESAMO NEGRO X KG","11.190,08","10"
"DULCES, MIEL Y CHOCOLATES","519","GARRAPIÑADA DE MANI X KG","7.066,12","1"
"FRUTOS SECOS","520","MAIZ FRITO SALADO X KG","11.619,83","3"
"FRUTOS SECOS","521","MANI JAPONES","6.578,51","6"
"FRUTOS SECOS","523","MANI TOSTADO SALADO X KG","3.702,48","3"
"FRUTOS SECOS","524","MANI TOSTADO X KG.","3.694,22","0"
"FRUTOS SECOS","525","MIX CERVECERO X KG","6.280,99","5"
"FRUTOS SECOS","528","MIX SALADO X KG","11.132,23","0"
"TOMATE TRITURADO","531","TOMATE TRITURADO X 1 KG","1.239,67","19"
"TOMATE TRITURADO","532","TOMATE TRITURADO X 500 GR","1.016,53","15"
"TOMATE TRITURADO","533","TOMATE CONDIM X 1 KG","3.132,23","10"
"PRODUCTOS DE FRIO","554","YOGURT PROTEICO ""YOGURLAC"" X 1L","7.057,85","1"
"INFUSIONES Y HIERBAS","555","PETALOS DE ROSA XKG","77.730,99","0"
"VINOS","560","LAS PERDICES CAB SAUV X 750","6.702,48","0"
"VINOS","561","MASTROENI CABERNET FRANC X 750 CC","4.421,49","0"
"VINOS","567","LAS PERDICES EXTRA BRUT CORTO X 750","8.024,79","0"
"VINOS","569","LAS PERDICES PARTRIDGE CHARDONNAY X 750","4.859,50","0"
"VINOS","570","LAS PERDICES RESERVA CHARDONNAY X 750","10.082,65","0"
"VINOS","572","MASTROENI ESP DULCE NATURAL X 750 CC","5.355,37","0"
"VINOS","592","CORDERO CON PIEL DEL LOBO X 750CC","4.413,22","0"
"VINOS","593","LAS PERDICES MALBEC X 750","6.702,48","6"
"VINOS","594","LAS PERDICES PARTRIDGE MALBEC X 750","4.859,50","0"
"VINOS","595","LAS PERDICES RESERVA MALBEC X 750","10.082,65","0"
"VINOS","613","PERRO CALLEJERO MALBEC X 750CC","6.487,60","6"
"VINOS","616","LAS PERDICES SAUVI BLANC X 750","6.702,48","6"
"VINOS","622","LAS PERDICES ALA COLORADA ANCELLOTA X 750","13.404,96","0"
"SIN CATEGORÍA","633","VARIOS","0,00","201"
"ACEITES Y VINAGRES","637","ACEITE DE OLIVA  X 500 CC LAUR","10.115,70","4"
"PALADEAR HOME","638","DELANTAL LINO","27.272,73","0"
"VINOS","640","LAS PERDICES BRUT ROSÉ X750ml","7.289,26","5"
"INFUSIONES Y HIERBAS","641","HIBISCUS  FLOR X KG","15.991,74","1"
"INFUSIONES Y HIERBAS","643","TE NEGRO X KG","6.966,94","1"
"FRUTOS SECOS","644","NUEZ MARIPOSA EXTRA LIGHT X KG","13.553,72","8"
"PRODUCTOS SIN TACC","661","FIDEOS DE ARROZ ""PARTY BECK"" X 280GR","2.917,36","0"
"FRUTOS SECOS","665","NUEZ CON CASCARA X KG","5.173,55","10"
"LINEA GOURMET","669","SALSA SOJA X 1 L","9.090,91","2"
"FRUTOS SECOS","670","MANI SABORIZADO X KG","4.454,55","7"
"PRODUCTOS DE FRIO","684","YOGHURT ANANA X 1 L","4.719,01","2"
"ESPECIAS","690","JENGIBRE EN TROZOS XKG","47.933,88","0"
"FRUTOS SECOS","691","ALMENDRA GUARA  X KG","18.033,06","5"
"ACEITES Y VINAGRES","702","ACEITE DE OLIVA   900ML VERDE OLIVA","4.247,93","9"
"SNACK","703","GALLETAS CACHAFAS ORGANICAS","2.305,78","11"
"CEREALES","705","GRANOLA MIX SIN PASAS X KG","6.107,44","6"
"VINOS","706","LA IRIDE ""HUELGA DE AMORES"" X 750ml","4.380,16","4"
"SUPLEMENTOS","711","PROSTASANA X 30 COMPR. ""EL NATURALISTA""","7.350,00","8"
"DULCES, MIEL Y CHOCOLATES","712","MERMELADA MQA X 310","3.380,16","9"
"DULCES, MIEL Y CHOCOLATES","713","MERMELADA MQA FRUTILLA X 310","4.041,32","0"
"LINEA GOURMET","716","MAYONESA ""MAYOV"" X 270GR","4.528,93","5"
"ACEITES Y VINAGRES","719","ACEITE DE OLIVA  3 L VERDE OLIVA","13.247,93","0"
"ACEITES Y VINAGRES","720","ACEITE DE OLIVA  5 L VERDE OLIVA","21.074,38","1"
"CEREALES","722","GRANOLA TRADICIONAL X KG","5.181,82","1"
"CEREALES","723","GRANOLA CON CHOCO X KG","5.942,15","2"
"SIN CATEGORÍA","725","FRUTA MULTICOLOR X KG","7.338,84","3"
"SIN CATEGORÍA","726","PASAS MOROCHAS SIN SEMILLA X KG","4.413,22","4"
"DULCES, MIEL Y CHOCOLATES","728","NUECES CONFITADAS X 100 g","4.958,68","4"
"DULCES, MIEL Y CHOCOLATES","729","ALMENDRAS TOSTADA CON ACEITE DE OLIVA Y SAL","4.000,00","0"
"INFUSIONES Y HIERBAS","737","MIX CITRICOS","29.958,68","0"
"DULCES, MIEL Y CHOCOLATES","751","ALMENDRAS CON CHOCO xKG","36.371,90","4"
"DULCES, MIEL Y CHOCOLATES","752","ARANDANOS CON CHOCO xKG","36.380,17","3"
"DULCES, MIEL Y CHOCOLATES","753","BARRA CHOCO 70% CON STEVIA x 100 g - COLONIAL","3.851,24","3"
"DULCES, MIEL Y CHOCOLATES","754","BARRA CHOCO SIN AZUCAR x 100 g - COLONIAL","3.661,16","28"
"PALADEAR HOME","756","ACEITERO SPRAY x 200 ml","6.611,57","10"
"DULCES, MIEL Y CHOCOLATES","757","GOTITAS DE CHOCO SEMIAMARGO X KG","11.661,16","4"
"DULCES, MIEL Y CHOCOLATES","758","MANI C/CHOCO SEMIAMARGO XKG","17.239,67","0"
"DULCES, MIEL Y CHOCOLATES","759","PASAS DE UVA C/CHOCO XKG","27.231,40","4"
"DULCES, MIEL Y CHOCOLATES","760","AVELLANAS CON CHOCO XKG","39.636,36","4"
"PALADEAR HOME","761","MOLINILLO CAFE MANUAL","20.975,21","4"
"PALADEAR HOME","762","INFUSOR PINZA","1.809,92","6"
"SNACK","764","BARRA MUECAS X45GR","1.380,16","6"
"PRODUCTOS DE FRIO","774","YOGHURT C/FRUTAS X 160","1.561,98","5"
"PRODUCTOS SIN TACC","777","ALFAJORES MAICENA SIN TACC X 6 unidades","3.834,71","9"
"SUPLEMENTOS","781","COLAGENO HIDROLIZADO X KG ""PEPTAN B 2000 LD""","28.652,89","3"
"INFUSIONES Y HIERBAS","782","EUCALIPTUS X KG","10.479,34","1"
"INFUSIONES Y HIERBAS","783","YERBA DEL PLATERO","6.190,08","1"
"INFUSIONES Y HIERBAS","785","TE DE BURRO X KG","17.330,58","0"
"INFUSIONES Y HIERBAS","786","SEN FOLICULOS X KG","30.694,22","0"
"INFUSIONES Y HIERBAS","787","LAVANDA X KG","40.561,98","0"
"INFUSIONES Y HIERBAS","788","CEDRON X KG","28.347,11","0"
"INFUSIONES Y HIERBAS","789","MELISA  X KG","12.074,38","0"
"INFUSIONES Y HIERBAS","790","MENTA HOJAS X KG","18.074,38","0"
"HARINAS","791","HARINA TRIGO SARRACENO X KG","7.099,17","0"
"INFUSIONES Y HIERBAS","793","YERBA MATE DESPALADA KALENA X KG","8.752,07","13"
"SUPLEMENTOS","794","ALOE VERA JUGO X 250 ML ""NATIER""","7.371,90","2"
"PRODUCTOS VARIOS","798","PRESTAMO","0,00","115"
"INFUSIONES Y HIERBAS","799","TE VERDE X KG","6.966,94","1"
"SUPLEMENTOS","800","COLAGENO HIDROLIZADO CAPSULA X 50 CÁPSULAS ""NATIER""","17.586,78","1"
"SUPLEMENTOS","801","RESVERATROL X 50 CÁPSULAS ""NATIER""","16.165,29","2"
"SUPLEMENTOS","802","CURCUMA+PIMIENTA X 50 CÁPSULAS ""NATIER""","17.553,72","0"
"SUPLEMENTOS","803","VINAGRE DE SIDRA DE MANZANA X 50 CÁPSULAS ""NATIER""","14.016,53","3"
"SUPLEMENTOS","804","VITAMINA C  X 50 CÁPSULAS ""NATIER""","17.363,64","3"
"SUPLEMENTOS","805","AJO NEGRO X 50 CÁPSULAS ""NATIER""","14.735,54","0"
"SUPLEMENTOS","807","MAGNESIO X 50 CÁPSULAS ""NATIER""","15.826,45","3"
"PRODUCTOS CONGELADOS","808","MEDALLONES VEGETARIANOS ""KISLEV""","3.181,82","11"
"PALADEAR HOME","814","SAHUMO LIMPIEZA ENERGENTICA ""SAGRADA MADRE""","1.636,36","3"
"PALADEAR HOME","815","SAHUMERIO MOMENTOS X5 ""AROMANZA""","1.743,80","3"
"PALADEAR HOME","816","SAHUMERIO TIBETANO X8 ""AROMANZA""","2.462,81","20"
"PALADEAR HOME","820","SAHUMEADOR GRANDE COLOR","1.818,18","1"
"PALADEAR HOME","821","SAHUMEADOR CHICO CEMENTO","1.140,50","1"
"INFUSIONES Y HIERBAS","822","DIENTE DE LEON XKG","7.917,35","0"
"SUPLEMENTOS","823","ASHWAGANDHA X 60 CAPSULAS ""SOMOS SETA""","22.892,56","4"
"SNACK","824","BARRAS ""CRUDDA""  X40Gr - SIN TACC","2.049,59","0"
"SUPLEMENTOS","826","CITRATO DE MAGNESIO ""EL  NATURALISTA""","6.661,16","9"
"SUPLEMENTOS","827","CITRATO DE POTASIO ""EL NATURALISTA""","6.694,22","0"
"SUPLEMENTOS","828","GLICINATO DE MAGNESIO ""EL NATURALISA""","6.743,80","0"
"SUPLEMENTOS","829","ZINC ""EL NATURALISTA""","7.066,12","4"
"SUPLEMENTOS","830","CARDOMARIANO x 30 cápsulas ""EL NATURALISTA""","11.297,52","0"
"SUPLEMENTOS","831","SPIRULINA X 10 COMP. ""EL NATURALISTA""","1.793,39","4"
"SUPLEMENTOS","832","GINKGO BILOBA FORTE X 10 COMP. ""EL NATURALISTA""","1.628,10","42"
"SUPLEMENTOS","833","VITAMINA E X 10 COMP. ""EL NATURALISTA""","2.148,76","0"
"SUPLEMENTOS","834","GINSENG + MAGNESIO X 10 COMP. ""EL NATURALISTA""","1.975,21","9"
"SUPLEMENTOS","836","LEVADURA DE CERVEZA SABOR QUESO X200GR","8.851,24","2"
"VINOS","838","MARCIANO WINE MALBEC","9.322,31","6"
"ESPECIAS","839","BICARBONATO  DE SODIO X KG","2.388,43","4"
"ESPECIAS","842","POLEN X KG","18.842,97","1"
"INFUSIONES Y HIERBAS","843","ROSA MOSQUETA X KG","36.140,50","0"
"INFUSIONES Y HIERBAS","845","MALVA X KG","6.785,12","0"
"AZUCAR, CACAO Y REPOSTERIA","846","MAPLE ""SYRUP"" JARABE DE ARCE X250ML","16.677,69","0"
"AZUCAR, CACAO Y REPOSTERIA","848","STEVIA SOBRES X100 ""SIN TACC""","4.198,35","2"
"AZUCAR, CACAO Y REPOSTERIA","849","STEVIA LIQUIDA X120 ""SIN TACC""","5.016,53","7"
"ESPECIAS","851","GARAM MASALA XKG","19.743,80","0"
"SUPLEMENTOS","852","VITAMINA D3 X 50 UNIDADES ""NATIER""","15.049,59","3"
"PRODUCTOS SIN TACC","853","BARRA CROWIE  ARROZ ""SIN TACC""","793,39","106"
"SUPLEMENTOS","855","CORDYCEPS EXTRACTO 60CC ""SOMOS SETA""","17.735,54","1"
"PRODUCTOS SIN TACC","857","TOSTADAS RISKY  ""SIN TACC""","1.438,02","22"
"PRODUCTOS SIN TACC","861","GALLETAS SLIM DOS HERMANO ""SIN TACC""","1.140,50","15"
"SUPLEMENTOS","862","MELENA DE LEON X 60 CAPSULAS ""SOMOS SETA""","22.892,56","3"
"SUPLEMENTOS","863","REISHI X 60 CAPSULAS ""SOMOS SETA""","19.603,31","0"
"SUPLEMENTOS","864","CORDYCEPS X 60 CAPSULAS ""SOMOS SETA""","22.892,56","1"
"SNACK","865","GALLETAS CACHAFAZ INTEGRALES","2.900,83","2"
"SUPLEMENTOS","866","MELENA+ASHWAGANDHA X 60CC ""SOMOS SETA""","17.735,54","0"
"ACEITES Y VINAGRES","869","ACEITE DE OLIVA   500 PET VERDE OLIVA","3.057,85","15"
"DULCES, MIEL Y CHOCOLATES","872","MERMELADA DE FRUTILLAS Y ARANDANOS ""LAS DOÑAS""","5.049,59","4"
"DULCES, MIEL Y CHOCOLATES","873","MERMELADA DE CITRICOS ""LAS DOÑAS""","3.958,68","5"
"DULCES, MIEL Y CHOCOLATES","874","MERMELADA DE PERAS Y JENGIBRE ""LAS DOÑAS""","3.966,94","10"
"PALADEAR HOME","875","COLADOR COMUN ROSE","5.049,59","0"
"PALADEAR HOME","876","DELANTAL JEAN","28.925,62","0"
"SUPLEMENTOS","881","PLATA COLOIDAL X100ML","8.388,43","1"
"DULCES, MIEL Y CHOCOLATES","883","DULCE DE LECHE CON STEVIA DOÑA MAGDALENA ""SIN TACC""","6.016,53","0"
"ACEITES Y VINAGRES","890","ACEITE COCO NEUTRO ENTRENUTS ""SIN TACC"" x 360 G","6.347,11","2"
"ACEITES Y VINAGRES","891","ACEITE COCO VIRGEN ENTRENUTS ""SIN TACC"" X 200 g","7.206,61","5"
"LINEA GOURMET","893","SALSA TAHINE","7.991,74","5"
"DULCES, MIEL Y CHOCOLATES","894","DULCE DE LECHE DE COCO VEGANO ""SIN TACC"" - DOÑA MAGDALENA","6.528,93","0"
"DULCES, MIEL Y CHOCOLATES","902","MERMELADA ""DOÑA MAGDALENA"" C/STEVIA ""SIN TACC""","6.991,74","0"
"ESPECIAS","903","CALDO DE VERDURAS CON SAL ""El Naturalista"" x10sobres","2.644,63","15"
"ESPECIAS","904","CALDO DE VERDURA SIN SAL ""El Naturalista"" x10sobres","2.991,74","2"
"AZUCAR, CACAO Y REPOSTERIA","908","CHOCOLATE 100%  COBERTURA SEMIAMARGO x kg - COLONIAL","53.355,37","4"
"SUPLEMENTOS","909","MELENA+ REISHI X 60CC ""SOMOS SETA""","17.735,54","0"
"PRODUCTOS SIN TACC","915","PREMEZCLA PIZZA ""DELICEL"" X500GR SIN TACC","3.495,87","0"
"SUPLEMENTOS","916","REDUCTOR BLISTER  X 10 COMP.""EL NATURALISTA""","1.983,47","22"
"SUPLEMENTOS","917","CURCUMA ACTIVADA CON PIMIENTA X 30 COMP. ""EL NATURALISTA""","6.867,77","0"
"SUPLEMENTOS","918","CASCARA SAGRADA GOTAS X 60 CC ""EL NATURALISTA""","6.561,98","5"
"DULCES, MIEL Y CHOCOLATES","919","MIEL BATIDA ""GOTAS DE ORO"" X500GR","5.190,08","4"
"SUPLEMENTOS","922","VALERIANA BLISTER  X 10 COMP. ""EL NATURALISTA""","2.181,82","5"
"PRODUCTOS CONGELADOS","923","MIX FRUTOS ROJOS CONGELADOS X KILO","11.396,69","1"
"AZUCAR, CACAO Y REPOSTERIA","925","STEVIA HOJAS X KG","22.586,78","1"
"INFUSIONES Y HIERBAS","926","MATCHA X KG","110.148,76","0"
"SUPLEMENTOS","927","PROBIOTICOS KYIOJIN X 60 ML","15.347,11","3"
"SUPLEMENTOS","932","ACEITE DE OREGANO X30CC ""SOMOS SETA""","10.198,35","2"
"PRODUCTOS CONGELADOS","933","MARACUYA CONGELADO X KG","11.983,47","2"
"SUPLEMENTOS","934","CENTELLA ASIATICA X 50 NATIER","14.008,26","2"
"SUPLEMENTOS","935","VITAMINA B12 X 50 NATIER","15.057,85","0"
"SUPLEMENTOS","936","OMEGA 3-SYNERGY 60 cap","18.595,04","4"
"ESPECIAS","952","AGAR AGAR","16.322,31","0"
"SUPLEMENTOS","959","RESVERATROL X 30 ""EL NATURALISTA""","10.314,05","7"
"SUPLEMENTOS","965","CAROTENO X 10 cápsulas ""EL NATURALISTA""","1.363,64","2"
"SUPLEMENTOS","968","PROPOLEO LIQ X 100ml El Naturalista","5.504,13","6"
"SUPLEMENTOS","972","CURCUMA, JENGIBRE Y PIMIENTA vitawellness x 30 cap","9.793,39","2"
"SUPLEMENTOS","973","VINAGRE DE SIDRA DE MANZANA X 250  ML ""NATIER""","11.165,29","1"
"FRUTOS SECOS","974","MIX SIN PASAS PREMIUM X KG","13.595,04","4"
"DULCES, MIEL Y CHOCOLATES","975","MEMBRILLITOS X30Gr ""PIZARRO""","719,01","19"
"BEBIDAS","978","KEFIR DE AGUA ""KE.LIVE"" SABORIZADO X 950 ML","2.909,09","5"
"SUPLEMENTOS","984","CREATINA MONOHIDRATO","15.041,32","10"
"SUPLEMENTOS","985","PROTEINA AISALDA DE SUERO X KG","9.347,11","2"
"DULCES, MIEL Y CHOCOLATES","987","GOTITAS DE CHOCO BLANCO X KG","11.702,48","2"
"PALADEAR HOME","996","MOLINILLO ACERO INOXIDABLE","16.636,36","5"
"PALADEAR HOME","997","MORTERO MARMOL","19.008,26","0"
"SUPLEMENTOS","1002","SPIRULINA EN POLVO X KG","30.768,60","2"
"AZUCAR, CACAO Y REPOSTERIA","1003","EXTRACTO DE VAINILLA NATURAL X 100 CC ""EL CASTILLO""","10.685,95","4"
"SUPLEMENTOS","1009","VINAGRE DE SIDRA DE MANZANA X 500 ML ""NATIER""","19.611,57","2"
"ESPECIAS","1010","PIMIENTA JAMAICA X KG","33.694,21","1"
"ACEITES Y VINAGRES","1011","ACEITE COCO NEUTRO ENTRENUTS ""SIN TACC"" x 200","4.223,14","4"
"ACEITES Y VINAGRES","1012","ACEITE COCO VIRGEN ENTRENUTS ""SIN TACC"" X 360 g","12.396,69","9"
"DULCES, MIEL Y CHOCOLATES","1014","BARRA CHOCO 80% X 100 g - COLONIAL","5.123,97","7"
"MANTECAS Y PASTAS","1015","MANTECA CLARIFICADA GHEE ""ENTRENUTS"" X370","11.404,96","0"
"DULCES, MIEL Y CHOCOLATES","1017","MIEL BATIDA ""GOTAS DE ORO"" X250GR","2.702,48","0"
"SUPLEMENTOS","1022","MORINGA TINTURA MADRE X60cc ""EL NATURALISTA""","4.694,22","3"
"SUPLEMENTOS","1023","ACEITE PURO DE ARGAN X 50CC","6.867,77","3"
"PRODUCTOS CONGELADOS","1024","CALDO DE HUESO "" MEDICINA ANCESTRAL""","5.446,28","4"
"PRODUCTOS SIN TACC","1026","GALLETAS SIN TACC X KG","11.570,25","1"
"SUPLEMENTOS","1027","CENTELLA ASIATICA+GINKGOBILOBA+TEVERDE+HIBISCUS","9.512,40","2"
"DULCES, MIEL Y CHOCOLATES","1031","MIEL CREMOGENADA  x 500 g ""TRES SOLES"" - FLOR DEL ALGARROBO","5.157,02","0"
"DULCES, MIEL Y CHOCOLATES","1032","MIEL X 500 g ""TRES SOLES"" - JALEA","5.115,70","7"
"DULCES, MIEL Y CHOCOLATES","1033","MIEL X 300 g ""TRES SOLES"" - JALEA","3.289,26","2"
"SUPLEMENTOS","1036","CERA DE MIEL DEPILATORIA","6.396,69","0"
"PALADEAR HOME","1037","CUENCOS DE CERÁMICA","11.471,07","0"
"SUPLEMENTOS","1038","ACEITE DE TOMILLO ""SUPPLY"" X30ML","5.876,03","0"
"SUPLEMENTOS","1040","RELAX BLEND X50CAP. ""NATIER""","17.000,00","2"
"VINOS","1046","GIN DE AUTOR SABORIZADO x 500 cc ""TIERRA SANTA""","6.735,54","3"
"VINOS","1049","GIN DE AUTOR LODON DRY x 750 cc ""TIERRA SANTA""","9.066,12","0"
"PALADEAR HOME","1052","MANTELITOS ARTESANALES (POLIÉSTER)","4.917,35","0"
"ESPECIAS","1053","MERKEN CHILENO X KG","12.363,64","1"
"AZUCAR, CACAO Y REPOSTERIA","1054","ESENCIA DE PAN DULCE 60 cc","3.008,26","0"
"AZUCAR, CACAO Y REPOSTERIA","1055","ESENCIA DE AGUA DE AZAHAR 60 cc","2.404,96","2"
"HARINAS","1060","HARINA DE ALMENDRAS C/PIEL","19.413,22","4"
"DULCES, MIEL Y CHOCOLATES","1061","LENTEJA DE CHOCOLATE XKG","21.016,53","4"
"PRODUCTOS CONGELADOS","1062","MANGO EN TROZOS CONGELADOS  XKG","8.272,73","0"
"SUPLEMENTOS","1063","SELENIO QUELADO ""NATIER"" X 50 CAP","16.975,21","0"
"INFUSIONES Y HIERBAS","1067","SEN HOJAS X KG","5.355,37","2"
"SUPLEMENTOS","1068","ALOE VERA DIGESTIVO BEBIBLE X250 ""NATIER""","8.595,04","0"
"SUPLEMENTOS","1070","ALOE VERA JUGO X 500 ML"" NATIER""","13.008,26","2"
"INFUSIONES Y HIERBAS","1071","BLEND DE TE X 30g","1.404,96","0"
"PRODUCTOS DE FRIO","1072","TOFU SOYANA ORGÁNICO 350 g","8.446,28","0"
"PALADEAR HOME","1073","BOMBITA DEFUMACION X 4 uni. - SAGRADA MADRE","851,24","13"
"PALADEAR HOME","1074","SAHUMERIOS CON PORTASAHUMERIO AROMANZA","4.322,31","4"
"PRODUCTOS SIN TACC","1078","PREMEZCLA BIZCOCHUELO ""DELICEL"" X500GR SIN TACC","3.495,87","0"
"SUPLEMENTOS","1079","NAD X 60 cápsulas ""EL NATURALISTA""","8.586,78","1"
"SUPLEMENTOS","1080","NAD+RESVERATROL X 60 cápsulas ""EL NATURALISTA""","15.595,04","7"
"SUPLEMENTOS","1082","MELENA DE LEON SUPPLY 60 ml","15.462,81","0"
"SUPLEMENTOS","1091","ACIDO ASCÓRBICO X KG","11.479,34","0"
"INFUSIONES Y HIERBAS","1092","TILO EN HOJAS","83.677,69","0"
"AZUCAR, CACAO Y REPOSTERIA","1093","POLVO  PARA HORNEAR X KG","3.380,16","12"
"SUPLEMENTOS","1094","SPIRULINA CONCENTRADA NATIER x 50 cápsulas","15.834,71","0"
"SUPLEMENTOS","1096","CARQUEJA TINTURA MADRE  ""EL NATURALISTA""","4.421,05","0"
"SUPLEMENTOS","1097","ACEITE PURO DE RICINO ""EL NATURALISTA""","4.388,43","1"
"PRODUCTOS SIN TACC","1099","GALLETITAS DELICEL (SIN TACC) x 150 g","2.561,98","1"
"PRODUCTOS SIN TACC","1100","AVENA INSTANTANEAX 400 g ""SIN TACC""","2.107,44","0"
"SUPLEMENTOS","1109","VINAGRE  DE SIDRA DE MANZANA ""VERDE VIDA"" X 500 ML","8.347,11","5"
"GRANOS Y LEGUMBRES","1112","TRIGO SARRACENO PELADO X KG","8.330,58","0"
"DULCES, MIEL Y CHOCOLATES","1113","MERMELADA DE PERAS AL MALBEC ""LAS DOÑAS""","4.917,35","2"
"FRUTOS SECOS","1114","PISTACHOS NATURALES SIN CÁCARA X KG","68.256,20","14"
"SUPLEMENTOS","1115","HIPÉRICO TINTURA MADRE X 60 CC","4.198,35","0"
"SUPLEMENTOS","1116","MELISA TINTURA MADRE X 60 CC","4.314,05","0"
"SUPLEMENTOS","1117","ORTIGA TINTURA MADRE X 60 CC","4.859,50","4"
"SUPLEMENTOS","1118","NENCIA TINTURA MADRE  X 60 CC","6.776,86","0"
"SUPLEMENTOS","1119","PASIONARIA TINTURA MADRE X 6O CC","4.859,50","2"
"SUPLEMENTOS","1120","VALERIANA TINTURA MADRE X 60 CC","5.396,69","2"
"ESPECIAS","1121","SAL DIETETICA NATURAL","2.471,07","2"
"SUPLEMENTOS","1122","ACEITE PURO DE ALMENDRAS X 50 CC","3.487,60","1"
"ACEITES Y VINAGRES","1123","ACEITE DE SÉSAMO X 250 ML NATRUSEM","12.049,59","1"
"GRANOS Y LEGUMBRES","1124","TRIGO CANDEAL X KG","2.123,97","4"
"SUPLEMENTOS","1125","MELENA DE LEON EXTRACTO 60cc ""SOMOS SETA""","17.735,54","1"
"INFUSIONES Y HIERBAS","1126","CAFE BRASIL BB X 250","15.735,54","4"
"INFUSIONES Y HIERBAS","1127","CAFE COLOMBIA HUILA BB X250","16.603,31","1"
"INFUSIONES Y HIERBAS","1128","CAFE DESCAFEINADO EXOTIC COLOMBIA BB X250","18.702,48","1"
"PALADEAR HOME","1129","FILTROS PARA CAFE X 10 unidades","1.157,03","0"
"SUPLEMENTOS","1130","CALCIO+VITAMINA ""D"" 60 uni.  ""EL NATURALISTA""","6.181,82","2"
"ACEITES Y VINAGRES","1131","ACEITE DE LINO X 150 cc ""NUTRA SEM""","7.504,13","2"
"ACEITES Y VINAGRES","1132","ACEITE DE LINO X 250 cc ""NUTRA SEM""","11.272,73","3"
"PRODUCTOS VARIOS","1133","ENVIO","0,00","13"
"VINOS","1137","VERMUTH  ""AQUI Y AHORA""","5.396,69","0"
"LINEA GOURMET","1140","KIMCHI VERDE VIDA 360 ml","6.157,02","1"
"INFUSIONES Y HIERBAS","1142","PEPERINA X KG","30.876,03","0"
"PALADEAR HOME","1145","DIFUSOR ""ILUMINARTE"" X 125 ml","4.057,85","9"
"SUPLEMENTOS","1146","PROPOLEO SPRAY 30 cc ""EL NATURALISTA""","3.305,78","2"
"SUPLEMENTOS","1147","EQUINACEA TINTURA MADRE 60 cc ""EL NATURALISTA""","4.942,15","4"
"PALADEAR HOME","1150","VELON BURBUJA","2.000,00","12"
"AZUCAR, CACAO Y REPOSTERIA","1153","GOMA XANTICA","31.438,02","0"
"PRODUCTOS SIN TACC","1155","POLVO P/HORENAR X 250 g SIN TACC - DICOMERE","1.958,68","1"
"SUPLEMENTOS","1156","ASHWAGANDHA X 60 CC ""SOMOS SETA""","17.735,54","0"
"SUPLEMENTOS","1157","REISHI X 60 CC ""SOMOS SETA""","17.371,90","1"
"SEMILLAS","1158","PSYLLIUM SEMILLA X KG","31.619,83","3"
"INFUSIONES Y HIERBAS","1159","BLEND DE TE X KG","22.314,05","0"
"ACEITES Y VINAGRES","1160","ACETO BALSAMICO MILLAN X 250 cc","6.561,98","6"
"PALADEAR HOME","1163","SALERO/PIMENTERO","3.165,29","15"
"HARINAS","1164","PSYLLIUM MOLIDO X KG","58.107,44","5"
"PALADEAR HOME","1165","PALO SANTO X30GR","1.339,39","2"
"PALADEAR HOME","1169","PRENSA FRANCESA 800 ml","17.355,37","0"
"SUPLEMENTOS","1176","CLORURO DE MAGNESIO X KG","4.049,59","5"
"SEMILLAS","1177","SEMILLAS HINOJO","7.743,80","1"
"DULCES, MIEL Y CHOCOLATES","1179","MERMELADA FRUTOS ROJOS CON STEVIA ""DOÑA MAGDALENA""","8.024,79","0"
"PALADEAR HOME","1181","TAZA VIDRIO","6.958,68","6"
"AZUCAR, CACAO Y REPOSTERIA","1183","SYRUP DE DATILES ""LYNA""","12.520,66","3"
"SIN CATEGORÍA","1184","PASAS DE UVA CEREZA CON SEMILLA X KG","1.867,77","5"
"AZUCAR, CACAO Y REPOSTERIA","1185","LEVADURA LEVEX 13 g","809,92","6"
"PALADEAR HOME","1186","CAJA FUERZA DIVINA","19.099,90","1"
"PALADEAR HOME","1187","MIXTURAS","3.246,35","2"
"LINEA GOURMET","1188","ZAPALLO EN ALMIBAR X3.8KG","28.735,54","0"
"LINEA GOURMET","1189","HIGOS EN ALMIBAR X 3,8 KG","38.206,61","0"
"VINOS","1191","LA IRIDE CHAMP EXTRA BRUT X 750 cc","5.000,00","0"
"DULCES, MIEL Y CHOCOLATES","1199","BANANITAS CON CHOCO","41.810,83","2"
"PALADEAR HOME","1201","TETERA CON INFUSOR 550 ml","14.983,47","5"
"PALADEAR HOME","1202","TETERA CON INFUSOR 750ml","17.975,20","10"
"BEBIDAS","1203","KOMBUCHA  EYWA 354 ml","3.685,95","8"
"SNACK","1204","BARRA ""INTEGRA""","1.712,81","1"
"SUPLEMENTOS","1207","BISGLICINATO DE MAGNESIO NATIER 50 cápsulas","15.818,18","0"
"SUPLEMENTOS","1208","TREMELLA EN POLVO 30 g ""SOMOS SETAS""""","19.776,86","1"
"SUPLEMENTOS","1209","TREMELLA EXTRACTO 60 cc ""SOMOS SETAS""","17.743,80","2"
"SUPLEMENTOS","1210","HIBISCUS EXTRACTO 60 cc ""SOMOS SETAS""","9.710,74","2"
"SUPLEMENTOS","1211","ACEITE DE HIBISCUS 30 ml ""SOMOS SETAS""","9.710,74","1"
"SUPLEMENTOS","1212","MELENA DE LEON EN POLVO 30 g ""SOMOS SETAS""","20.743,80","1"
"SUPLEMENTOS","1213","COLA DE PAVO EXTRACTO 60 cc ""SOMOS SETAS""","17.735,54","1"
"PRODUCTOS CONGELADOS","1214","FRAMBUESAS CONGELADAS X KG","17.975,21","0"
"LINEA GOURMET","1215","PASTA ACEITUNAS CONDIM. 200 g","3.157,03","3"
"SUPLEMENTOS","1216","RHODIOLA ROSEA POLVO ""SOMOS SETAS""","20.731,40","1"
"DULCES, MIEL Y CHOCOLATES","1217","MERMELADA MQA ZANAHORIA/NARANJA X310GR","4.438,02","4"
"LINEA GOURMET","1220","MOSTAZA CON MIEL ORGANICA 190gr","4.719,01","0"
"LINEA GOURMET","1221","MOSTAZA DIJON 170gr","5.603,31","0"
"SUPLEMENTOS","1222","MAITAKE ""SOMOS SETAS"" X60cap","20.520,66","1"
"SUPLEMENTOS","1223","RHODIOLA X60 CAPSULAS ""SOMOS SETAS""","20.520,66","0"
"SUPLEMENTOS","1224","RHODIOLA ROSEA EXTRACTO X60cc ""SOMOS SETAS""","15.900,83","1"
"SUPLEMENTOS","1225","VITAMINA K2 + D3 X 50 cápsulas ""NATIER""","25.553,72","0"
"SUPLEMENTOS","1226","POTASIO+MAGNESIO 30cap ""El Naturalista""","6.826,44","13"
"SUPLEMENTOS","1227","CITRATO DE MAGNESIO  XKG","18.834,71","2"
"SNACK","1228","BARRA MUECA PROTEICA","1.921,48","33"
"SUPLEMENTOS","1229","ELECTROLITOS ""SUMA"" - Sobre x 9 g","2.132,23","8"
"SNACK","1230","PITA CHIPS DE MASA MADRE - ALMADRE","2.264,46","0"
"PRODUCTOS SIN TACC","1231","CHIPS DE PAPAS ""SIN TACC"" - BOUTIQUE CHIPS","2.719,01","5"
"PRODUCTOS SIN TACC","1232","CHIPS DE BATATA ""SIN TACC"" - BOUTIQUE CHIPS","2.719,01","4"
"MANTECAS Y PASTAS","1233","MANTECA CLARIFICADA GHEE X 150 g - COW'S PURE","6.735,54","5"
"PRODUCTOS SIN TACC","1234","PREMEZCLA SIN TACC UNIVERSAL PANADERIA REPOSTERÍA Y PASTAS X 500 g - DELICEL","2.983,47","9"
"SUPLEMENTOS","1237","ACEITE PURO DE ARNICA X50cc","5.553,72","2"
"SUPLEMENTOS","1238","TREMELLA EN CAPSULAS ""SOMOS SETAS""","20.520,66","1"
"PALADEAR HOME","1239","PRENSA FRANCESA 350ml","12.809,92","0"
"PALADEAR HOME","1240","PRENSA FRANCESA 600ml","12.603,31","5"
"AZUCAR, CACAO Y REPOSTERIA","1241","BARRA CHOCOLATE MAPRICUBER xKg","17.636,36","0"
"FRUTOS SECOS","1244","NUEZ DE BRASIL XKG","42.413,22","1"
"PALADEAR HOME","1245","ACEITERO SPRAY X 100 ML","4.958,68","1"
"LINEA GOURMET","1246","SALSA INGLESA x180cc","4.372,73","2"
"SUPLEMENTOS","1247","PROPOLEO PLUS+CURCUMA,JENGIBRE Y TOMILLO 250ml","9.255,30","2"
"SUPLEMENTOS","1248","MAGNESIO EN POLVO NATIER X150g","21.251,34","2"
"SUPLEMENTOS","1249","NMN nicotinamida mononucleotido","38.531,34","1"
"SUPLEMENTOS","1250","SHITAKE X 60 CAPS. SOMOS SETAS","20.520,66","0"
"SUPLEMENTOS","1251","COLA DE PAVO x 60 CAPS SOMOS SETA","20.520,66","0"
"GRANOS Y LEGUMBRES","1252","MAIZ PSINGALLO","1.958,68","1"
"INFUSIONES Y HIERBAS","1253","SALVIA OFICINAL","11.066,12","0"
"SUPLEMENTOS","1254","CAFE VERDE X30 COMPRIMIDOS ""EL NATURALISTA""","5.603,31","6"
"SUPLEMENTOS","1255","FLEBOTONICO X30 COMPRIMIDOS ""EL NATURALISTA""","5.760,33","3"
"SUPLEMENTOS","1256","COLAGENO X 10 COMPRIMIDOS ""EL NATURALISTA""","1.859,50","6"
"SUPLEMENTOS","1257","VITAMINA C X 60 COMPRIMIDOS ""EL NATURALISTA""","6.768,60","1"
"PRODUCTOS SIN TACC","1258","AVENA BIO SIN GLUTEN 500gr","4.099,17","5"
"DULCES, MIEL Y CHOCOLATES","1259","DULCE DE MEMBRILLO PIZARRO 454gr","3.892,56","1"
"PRODUCTOS SIN TACC","1260","DULCE BATATA SIN AZUCAR ORIETA 400GR","3.264,46","3"
"PRODUCTOS SIN TACC","1261","DULCE MEMBRILLO SIN AZUCAR ORIETA 400gr","4.363,64","3"
"PRODUCTOS SIN TACC","1262","ALFAJOR SIN AZUCAR ""BANDA""","909,09","0"
"PALADEAR HOME","1263","VELA EN LATA MANDALA CHICA","5.140,50","4"
"PRODUCTOS CONGELADOS","1264","CHIPA X480 GR - AFG","7.438,02","0"
